topic,year,subtopic,Description,method
Public opinion of the Supreme Court as an institution,2025,Supreme Court approval,"Sed sed ante augue. Etiam lacinia purus a pulvinar imperdiet. Fusce egestas, odio ornare mollis auctor, nisl lacus vehicula velit, ac cursus justo neque a risus. In lobortis justo vel feugiat pulvinar. Sed nec odio vitae massa finibus maximus non sit amet erat. Mauris ut massa nisl. Vestibulum sit amet convallis turpis. ","Sed sed ante augue. Etiam lacinia purus a pulvinar imperdiet. Fusce egestas, odio ornare mollis auctor, nisl lacus vehicula velit, ac cursus justo neque a risus. In lobortis justo vel feugiat pulvinar. Sed nec odio vitae massa finibus maximus non sit amet erat. Mauris ut massa nisl. Vestibulum sit amet convallis turpis. "
Public opinion of the Supreme Court as an institution,2025,Supreme Court favorability,"Sed sed ante augue. Etiam lacinia purus a pulvinar imperdiet. Fusce egestas, odio ornare mollis auctor, nisl lacus vehicula velit, ac cursus justo neque a risus. In lobortis justo vel feugiat pulvinar. Sed nec odio vitae massa finibus maximus non sit amet erat. Mauris ut massa nisl. Vestibulum sit amet convallis turpis. ","Sed sed ante augue. Etiam lacinia purus a pulvinar imperdiet. Fusce egestas, odio ornare mollis auctor, nisl lacus vehicula velit, ac cursus justo neque a risus. In lobortis justo vel feugiat pulvinar. Sed nec odio vitae massa finibus maximus non sit amet erat. Mauris ut massa nisl. Vestibulum sit amet convallis turpis. "
Public opinion of the Supreme Court as an institution,2025,Supreme Court approval,"Sed sed ante augue. Etiam lacinia purus a pulvinar imperdiet. Fusce egestas, odio ornare mollis auctor, nisl lacus vehicula velit, ac cursus justo neque a risus. In lobortis justo vel feugiat pulvinar. Sed nec odio vitae massa finibus maximus non sit amet erat. Mauris ut massa nisl. Vestibulum sit amet convallis turpis. ","Sed sed ante augue. Etiam lacinia purus a pulvinar imperdiet. Fusce egestas, odio ornare mollis auctor, nisl lacus vehicula velit, ac cursus justo neque a risus. In lobortis justo vel feugiat pulvinar. Sed nec odio vitae massa finibus maximus non sit amet erat. Mauris ut massa nisl. Vestibulum sit amet convallis turpis. "
Public opinion of the Supreme Court as an institution,2025,Supreme Court approval,"Sed sed ante augue. Etiam lacinia purus a pulvinar imperdiet. Fusce egestas, odio ornare mollis auctor, nisl lacus vehicula velit, ac cursus justo neque a risus. In lobortis justo vel feugiat pulvinar. Sed nec odio vitae massa finibus maximus non sit amet erat. Mauris ut massa nisl. Vestibulum sit amet convallis turpis. ","Sed sed ante augue. Etiam lacinia purus a pulvinar imperdiet. Fusce egestas, odio ornare mollis auctor, nisl lacus vehicula velit, ac cursus justo neque a risus. In lobortis justo vel feugiat pulvinar. Sed nec odio vitae massa finibus maximus non sit amet erat. Mauris ut massa nisl. Vestibulum sit amet convallis turpis. "
Public opinion of the Supreme Court as an institution,2025,Supreme Court approval,"Sed sed ante augue. Etiam lacinia purus a pulvinar imperdiet. Fusce egestas, odio ornare mollis auctor, nisl lacus vehicula velit, ac cursus justo neque a risus. In lobortis justo vel feugiat pulvinar. Sed nec odio vitae massa finibus maximus non sit amet erat. Mauris ut massa nisl. Vestibulum sit amet convallis turpis. ","Sed sed ante augue. Etiam lacinia purus a pulvinar imperdiet. Fusce egestas, odio ornare mollis auctor, nisl lacus vehicula velit, ac cursus justo neque a risus. In lobortis justo vel feugiat pulvinar. Sed nec odio vitae massa finibus maximus non sit amet erat. Mauris ut massa nisl. Vestibulum sit amet convallis turpis. "
Public opinion of the Supreme Court as an institution,2025,Supreme Court approval,"Sed sed ante augue. Etiam lacinia purus a pulvinar imperdiet. Fusce egestas, odio ornare mollis auctor, nisl lacus vehicula velit, ac cursus justo neque a risus. In lobortis justo vel feugiat pulvinar. Sed nec odio vitae massa finibus maximus non sit amet erat. Mauris ut massa nisl. Vestibulum sit amet convallis turpis. ","Sed sed ante augue. Etiam lacinia purus a pulvinar imperdiet. Fusce egestas, odio ornare mollis auctor, nisl lacus vehicula velit, ac cursus justo neque a risus. In lobortis justo vel feugiat pulvinar. Sed nec odio vitae massa finibus maximus non sit amet erat. Mauris ut massa nisl. Vestibulum sit amet convallis turpis. "
Public opinion of the Supreme Court as an institution,2025,Supreme Court confidence ,"Sed sed ante augue. Etiam lacinia purus a pulvinar imperdiet. Fusce egestas, odio ornare mollis auctor, nisl lacus vehicula velit, ac cursus justo neque a risus. In lobortis justo vel feugiat pulvinar. Sed nec odio vitae massa finibus maximus non sit amet erat. Mauris ut massa nisl. Vestibulum sit amet convallis turpis. ","Sed sed ante augue. Etiam lacinia purus a pulvinar imperdiet. Fusce egestas, odio ornare mollis auctor, nisl lacus vehicula velit, ac cursus justo neque a risus. In lobortis justo vel feugiat pulvinar. Sed nec odio vitae massa finibus maximus non sit amet erat. Mauris ut massa nisl. Vestibulum sit amet convallis turpis. "
Public opinion of the Supreme Court as an institution,2024,Supreme Court approval,"Sed sed ante augue. Etiam lacinia purus a pulvinar imperdiet. Fusce egestas, odio ornare mollis auctor, nisl lacus vehicula velit, ac cursus justo neque a risus. In lobortis justo vel feugiat pulvinar. Sed nec odio vitae massa finibus maximus non sit amet erat. Mauris ut massa nisl. Vestibulum sit amet convallis turpis. ","Sed sed ante augue. Etiam lacinia purus a pulvinar imperdiet. Fusce egestas, odio ornare mollis auctor, nisl lacus vehicula velit, ac cursus justo neque a risus. In lobortis justo vel feugiat pulvinar. Sed nec odio vitae massa finibus maximus non sit amet erat. Mauris ut massa nisl. Vestibulum sit amet convallis turpis. "
Public opinion of the Supreme Court as an institution,2024,Supreme Court approval,"Sed sed ante augue. Etiam lacinia purus a pulvinar imperdiet. Fusce egestas, odio ornare mollis auctor, nisl lacus vehicula velit, ac cursus justo neque a risus. In lobortis justo vel feugiat pulvinar. Sed nec odio vitae massa finibus maximus non sit amet erat. Mauris ut massa nisl. Vestibulum sit amet convallis turpis. ","Sed sed ante augue. Etiam lacinia purus a pulvinar imperdiet. Fusce egestas, odio ornare mollis auctor, nisl lacus vehicula velit, ac cursus justo neque a risus. In lobortis justo vel feugiat pulvinar. Sed nec odio vitae massa finibus maximus non sit amet erat. Mauris ut massa nisl. Vestibulum sit amet convallis turpis. "
Public opinion of the Supreme Court as an institution,2024,Supreme Court approval,"Sed sed ante augue. Etiam lacinia purus a pulvinar imperdiet. Fusce egestas, odio ornare mollis auctor, nisl lacus vehicula velit, ac cursus justo neque a risus. In lobortis justo vel feugiat pulvinar. Sed nec odio vitae massa finibus maximus non sit amet erat. Mauris ut massa nisl. Vestibulum sit amet convallis turpis. ","Sed sed ante augue. Etiam lacinia purus a pulvinar imperdiet. Fusce egestas, odio ornare mollis auctor, nisl lacus vehicula velit, ac cursus justo neque a risus. In lobortis justo vel feugiat pulvinar. Sed nec odio vitae massa finibus maximus non sit amet erat. Mauris ut massa nisl. Vestibulum sit amet convallis turpis. "
Public opinion of the Supreme Court as an institution,2024,Supreme Court approval,"Sed sed ante augue. Etiam lacinia purus a pulvinar imperdiet. Fusce egestas, odio ornare mollis auctor, nisl lacus vehicula velit, ac cursus justo neque a risus. In lobortis justo vel feugiat pulvinar. Sed nec odio vitae massa finibus maximus non sit amet erat. Mauris ut massa nisl. Vestibulum sit amet convallis turpis. ","Sed sed ante augue. Etiam lacinia purus a pulvinar imperdiet. Fusce egestas, odio ornare mollis auctor, nisl lacus vehicula velit, ac cursus justo neque a risus. In lobortis justo vel feugiat pulvinar. Sed nec odio vitae massa finibus maximus non sit amet erat. Mauris ut massa nisl. Vestibulum sit amet convallis turpis. "
Public opinion of the Supreme Court as an institution,2023,Supreme Court approval,"Sed sed ante augue. Etiam lacinia purus a pulvinar imperdiet. Fusce egestas, odio ornare mollis auctor, nisl lacus vehicula velit, ac cursus justo neque a risus. In lobortis justo vel feugiat pulvinar. Sed nec odio vitae massa finibus maximus non sit amet erat. Mauris ut massa nisl. Vestibulum sit amet convallis turpis. ","Sed sed ante augue. Etiam lacinia purus a pulvinar imperdiet. Fusce egestas, odio ornare mollis auctor, nisl lacus vehicula velit, ac cursus justo neque a risus. In lobortis justo vel feugiat pulvinar. Sed nec odio vitae massa finibus maximus non sit amet erat. Mauris ut massa nisl. Vestibulum sit amet convallis turpis. "
Public opinion of the Supreme Court as an institution,2023,Supreme Court favorability,"Sed sed ante augue. Etiam lacinia purus a pulvinar imperdiet. Fusce egestas, odio ornare mollis auctor, nisl lacus vehicula velit, ac cursus justo neque a risus. In lobortis justo vel feugiat pulvinar. Sed nec odio vitae massa finibus maximus non sit amet erat. Mauris ut massa nisl. Vestibulum sit amet convallis turpis. ","Sed sed ante augue. Etiam lacinia purus a pulvinar imperdiet. Fusce egestas, odio ornare mollis auctor, nisl lacus vehicula velit, ac cursus justo neque a risus. In lobortis justo vel feugiat pulvinar. Sed nec odio vitae massa finibus maximus non sit amet erat. Mauris ut massa nisl. Vestibulum sit amet convallis turpis. "
Public opinion of the Supreme Court as an institution,2022,Supreme Court approval,"Sed sed ante augue. Etiam lacinia purus a pulvinar imperdiet. Fusce egestas, odio ornare mollis auctor, nisl lacus vehicula velit, ac cursus justo neque a risus. In lobortis justo vel feugiat pulvinar. Sed nec odio vitae massa finibus maximus non sit amet erat. Mauris ut massa nisl. Vestibulum sit amet convallis turpis. ","Sed sed ante augue. Etiam lacinia purus a pulvinar imperdiet. Fusce egestas, odio ornare mollis auctor, nisl lacus vehicula velit, ac cursus justo neque a risus. In lobortis justo vel feugiat pulvinar. Sed nec odio vitae massa finibus maximus non sit amet erat. Mauris ut massa nisl. Vestibulum sit amet convallis turpis. "
Public opinion of the Supreme Court as an institution,2022,Supreme Court favorability,"Sed sed ante augue. Etiam lacinia purus a pulvinar imperdiet. Fusce egestas, odio ornare mollis auctor, nisl lacus vehicula velit, ac cursus justo neque a risus. In lobortis justo vel feugiat pulvinar. Sed nec odio vitae massa finibus maximus non sit amet erat. Mauris ut massa nisl. Vestibulum sit amet convallis turpis. ","Sed sed ante augue. Etiam lacinia purus a pulvinar imperdiet. Fusce egestas, odio ornare mollis auctor, nisl lacus vehicula velit, ac cursus justo neque a risus. In lobortis justo vel feugiat pulvinar. Sed nec odio vitae massa finibus maximus non sit amet erat. Mauris ut massa nisl. Vestibulum sit amet convallis turpis. "
Public opinion of the Supreme Court as an institution,2022,Supreme Court confidence ,"Sed sed ante augue. Etiam lacinia purus a pulvinar imperdiet. Fusce egestas, odio ornare mollis auctor, nisl lacus vehicula velit, ac cursus justo neque a risus. In lobortis justo vel feugiat pulvinar. Sed nec odio vitae massa finibus maximus non sit amet erat. Mauris ut massa nisl. Vestibulum sit amet convallis turpis. ","Sed sed ante augue. Etiam lacinia purus a pulvinar imperdiet. Fusce egestas, odio ornare mollis auctor, nisl lacus vehicula velit, ac cursus justo neque a risus. In lobortis justo vel feugiat pulvinar. Sed nec odio vitae massa finibus maximus non sit amet erat. Mauris ut massa nisl. Vestibulum sit amet convallis turpis. "
Public opinion of the Supreme Court as an institution,2021,Supreme Court approval,"Sed sed ante augue. Etiam lacinia purus a pulvinar imperdiet. Fusce egestas, odio ornare mollis auctor, nisl lacus vehicula velit, ac cursus justo neque a risus. In lobortis justo vel feugiat pulvinar. Sed nec odio vitae massa finibus maximus non sit amet erat. Mauris ut massa nisl. Vestibulum sit amet convallis turpis. ","Sed sed ante augue. Etiam lacinia purus a pulvinar imperdiet. Fusce egestas, odio ornare mollis auctor, nisl lacus vehicula velit, ac cursus justo neque a risus. In lobortis justo vel feugiat pulvinar. Sed nec odio vitae massa finibus maximus non sit amet erat. Mauris ut massa nisl. Vestibulum sit amet convallis turpis. "
Public opinion of the Supreme Court as an institution,2021,Supreme Court approval,"Sed sed ante augue. Etiam lacinia purus a pulvinar imperdiet. Fusce egestas, odio ornare mollis auctor, nisl lacus vehicula velit, ac cursus justo neque a risus. In lobortis justo vel feugiat pulvinar. Sed nec odio vitae massa finibus maximus non sit amet erat. Mauris ut massa nisl. Vestibulum sit amet convallis turpis. ","Sed sed ante augue. Etiam lacinia purus a pulvinar imperdiet. Fusce egestas, odio ornare mollis auctor, nisl lacus vehicula velit, ac cursus justo neque a risus. In lobortis justo vel feugiat pulvinar. Sed nec odio vitae massa finibus maximus non sit amet erat. Mauris ut massa nisl. Vestibulum sit amet convallis turpis. "
Public opinion of the Supreme Court as an institution,2021,Supreme Court confidence ,"Sed sed ante augue. Etiam lacinia purus a pulvinar imperdiet. Fusce egestas, odio ornare mollis auctor, nisl lacus vehicula velit, ac cursus justo neque a risus. In lobortis justo vel feugiat pulvinar. Sed nec odio vitae massa finibus maximus non sit amet erat. Mauris ut massa nisl. Vestibulum sit amet convallis turpis. ","Sed sed ante augue. Etiam lacinia purus a pulvinar imperdiet. Fusce egestas, odio ornare mollis auctor, nisl lacus vehicula velit, ac cursus justo neque a risus. In lobortis justo vel feugiat pulvinar. Sed nec odio vitae massa finibus maximus non sit amet erat. Mauris ut massa nisl. Vestibulum sit amet convallis turpis. "
Public opinion of the Supreme Court as an institution,2021,Supreme Court confidence ,"Sed sed ante augue. Etiam lacinia purus a pulvinar imperdiet. Fusce egestas, odio ornare mollis auctor, nisl lacus vehicula velit, ac cursus justo neque a risus. In lobortis justo vel feugiat pulvinar. Sed nec odio vitae massa finibus maximus non sit amet erat. Mauris ut massa nisl. Vestibulum sit amet convallis turpis. ","Sed sed ante augue. Etiam lacinia purus a pulvinar imperdiet. Fusce egestas, odio ornare mollis auctor, nisl lacus vehicula velit, ac cursus justo neque a risus. In lobortis justo vel feugiat pulvinar. Sed nec odio vitae massa finibus maximus non sit amet erat. Mauris ut massa nisl. Vestibulum sit amet convallis turpis. "
Public opinion of the Supreme Court as an institution,2020,Supreme Court favorability,"Sed sed ante augue. Etiam lacinia purus a pulvinar imperdiet. Fusce egestas, odio ornare mollis auctor, nisl lacus vehicula velit, ac cursus justo neque a risus. In lobortis justo vel feugiat pulvinar. Sed nec odio vitae massa finibus maximus non sit amet erat. Mauris ut massa nisl. Vestibulum sit amet convallis turpis. ","Sed sed ante augue. Etiam lacinia purus a pulvinar imperdiet. Fusce egestas, odio ornare mollis auctor, nisl lacus vehicula velit, ac cursus justo neque a risus. In lobortis justo vel feugiat pulvinar. Sed nec odio vitae massa finibus maximus non sit amet erat. Mauris ut massa nisl. Vestibulum sit amet convallis turpis. "
Public opinion of the Supreme Court as an institution,2020,Supreme Court approval,"Sed sed ante augue. Etiam lacinia purus a pulvinar imperdiet. Fusce egestas, odio ornare mollis auctor, nisl lacus vehicula velit, ac cursus justo neque a risus. In lobortis justo vel feugiat pulvinar. Sed nec odio vitae massa finibus maximus non sit amet erat. Mauris ut massa nisl. Vestibulum sit amet convallis turpis. ","Sed sed ante augue. Etiam lacinia purus a pulvinar imperdiet. Fusce egestas, odio ornare mollis auctor, nisl lacus vehicula velit, ac cursus justo neque a risus. In lobortis justo vel feugiat pulvinar. Sed nec odio vitae massa finibus maximus non sit amet erat. Mauris ut massa nisl. Vestibulum sit amet convallis turpis. "
Public opinion on life tenure,2025,Support for term limits,"Sed sed ante augue. Etiam lacinia purus a pulvinar imperdiet. Fusce egestas, odio ornare mollis auctor, nisl lacus vehicula velit, ac cursus justo neque a risus. In lobortis justo vel feugiat pulvinar. Sed nec odio vitae massa finibus maximus non sit amet erat. Mauris ut massa nisl. Vestibulum sit amet convallis turpis. ","Sed sed ante augue. Etiam lacinia purus a pulvinar imperdiet. Fusce egestas, odio ornare mollis auctor, nisl lacus vehicula velit, ac cursus justo neque a risus. In lobortis justo vel feugiat pulvinar. Sed nec odio vitae massa finibus maximus non sit amet erat. Mauris ut massa nisl. Vestibulum sit amet convallis turpis. "
Public opinion on life tenure,2024,Support for term limits,"Sed sed ante augue. Etiam lacinia purus a pulvinar imperdiet. Fusce egestas, odio ornare mollis auctor, nisl lacus vehicula velit, ac cursus justo neque a risus. In lobortis justo vel feugiat pulvinar. Sed nec odio vitae massa finibus maximus non sit amet erat. Mauris ut massa nisl. Vestibulum sit amet convallis turpis. ","Sed sed ante augue. Etiam lacinia purus a pulvinar imperdiet. Fusce egestas, odio ornare mollis auctor, nisl lacus vehicula velit, ac cursus justo neque a risus. In lobortis justo vel feugiat pulvinar. Sed nec odio vitae massa finibus maximus non sit amet erat. Mauris ut massa nisl. Vestibulum sit amet convallis turpis. "
Public opinion on life tenure,2024,Support for term limits,"Sed sed ante augue. Etiam lacinia purus a pulvinar imperdiet. Fusce egestas, odio ornare mollis auctor, nisl lacus vehicula velit, ac cursus justo neque a risus. In lobortis justo vel feugiat pulvinar. Sed nec odio vitae massa finibus maximus non sit amet erat. Mauris ut massa nisl. Vestibulum sit amet convallis turpis. ","Sed sed ante augue. Etiam lacinia purus a pulvinar imperdiet. Fusce egestas, odio ornare mollis auctor, nisl lacus vehicula velit, ac cursus justo neque a risus. In lobortis justo vel feugiat pulvinar. Sed nec odio vitae massa finibus maximus non sit amet erat. Mauris ut massa nisl. Vestibulum sit amet convallis turpis. "
Public opinion on life tenure,2024,Support for term limits,"Sed sed ante augue. Etiam lacinia purus a pulvinar imperdiet. Fusce egestas, odio ornare mollis auctor, nisl lacus vehicula velit, ac cursus justo neque a risus. In lobortis justo vel feugiat pulvinar. Sed nec odio vitae massa finibus maximus non sit amet erat. Mauris ut massa nisl. Vestibulum sit amet convallis turpis. ","Sed sed ante augue. Etiam lacinia purus a pulvinar imperdiet. Fusce egestas, odio ornare mollis auctor, nisl lacus vehicula velit, ac cursus justo neque a risus. In lobortis justo vel feugiat pulvinar. Sed nec odio vitae massa finibus maximus non sit amet erat. Mauris ut massa nisl. Vestibulum sit amet convallis turpis. "
Public opinion on life tenure,2024,Support for term limits,"Sed sed ante augue. Etiam lacinia purus a pulvinar imperdiet. Fusce egestas, odio ornare mollis auctor, nisl lacus vehicula velit, ac cursus justo neque a risus. In lobortis justo vel feugiat pulvinar. Sed nec odio vitae massa finibus maximus non sit amet erat. Mauris ut massa nisl. Vestibulum sit amet convallis turpis. ","Sed sed ante augue. Etiam lacinia purus a pulvinar imperdiet. Fusce egestas, odio ornare mollis auctor, nisl lacus vehicula velit, ac cursus justo neque a risus. In lobortis justo vel feugiat pulvinar. Sed nec odio vitae massa finibus maximus non sit amet erat. Mauris ut massa nisl. Vestibulum sit amet convallis turpis. "
Public opinion on life tenure,2023,Maximum age limit,"Sed sed ante augue. Etiam lacinia purus a pulvinar imperdiet. Fusce egestas, odio ornare mollis auctor, nisl lacus vehicula velit, ac cursus justo neque a risus. In lobortis justo vel feugiat pulvinar. Sed nec odio vitae massa finibus maximus non sit amet erat. Mauris ut massa nisl. Vestibulum sit amet convallis turpis. ","Sed sed ante augue. Etiam lacinia purus a pulvinar imperdiet. Fusce egestas, odio ornare mollis auctor, nisl lacus vehicula velit, ac cursus justo neque a risus. In lobortis justo vel feugiat pulvinar. Sed nec odio vitae massa finibus maximus non sit amet erat. Mauris ut massa nisl. Vestibulum sit amet convallis turpis. "
Public opinion on life tenure,2023,Support for term limits,"Sed sed ante augue. Etiam lacinia purus a pulvinar imperdiet. Fusce egestas, odio ornare mollis auctor, nisl lacus vehicula velit, ac cursus justo neque a risus. In lobortis justo vel feugiat pulvinar. Sed nec odio vitae massa finibus maximus non sit amet erat. Mauris ut massa nisl. Vestibulum sit amet convallis turpis. ","Sed sed ante augue. Etiam lacinia purus a pulvinar imperdiet. Fusce egestas, odio ornare mollis auctor, nisl lacus vehicula velit, ac cursus justo neque a risus. In lobortis justo vel feugiat pulvinar. Sed nec odio vitae massa finibus maximus non sit amet erat. Mauris ut massa nisl. Vestibulum sit amet convallis turpis. "
Public opinion on life tenure,2022,Support for term limits,"Sed sed ante augue. Etiam lacinia purus a pulvinar imperdiet. Fusce egestas, odio ornare mollis auctor, nisl lacus vehicula velit, ac cursus justo neque a risus. In lobortis justo vel feugiat pulvinar. Sed nec odio vitae massa finibus maximus non sit amet erat. Mauris ut massa nisl. Vestibulum sit amet convallis turpis. ","Sed sed ante augue. Etiam lacinia purus a pulvinar imperdiet. Fusce egestas, odio ornare mollis auctor, nisl lacus vehicula velit, ac cursus justo neque a risus. In lobortis justo vel feugiat pulvinar. Sed nec odio vitae massa finibus maximus non sit amet erat. Mauris ut massa nisl. Vestibulum sit amet convallis turpis. "
Public opinion on life tenure,2022,Support for term limits,"Sed sed ante augue. Etiam lacinia purus a pulvinar imperdiet. Fusce egestas, odio ornare mollis auctor, nisl lacus vehicula velit, ac cursus justo neque a risus. In lobortis justo vel feugiat pulvinar. Sed nec odio vitae massa finibus maximus non sit amet erat. Mauris ut massa nisl. Vestibulum sit amet convallis turpis. ","Sed sed ante augue. Etiam lacinia purus a pulvinar imperdiet. Fusce egestas, odio ornare mollis auctor, nisl lacus vehicula velit, ac cursus justo neque a risus. In lobortis justo vel feugiat pulvinar. Sed nec odio vitae massa finibus maximus non sit amet erat. Mauris ut massa nisl. Vestibulum sit amet convallis turpis. "
Public opinion on life tenure,2022,Support for term limits,"Sed sed ante augue. Etiam lacinia purus a pulvinar imperdiet. Fusce egestas, odio ornare mollis auctor, nisl lacus vehicula velit, ac cursus justo neque a risus. In lobortis justo vel feugiat pulvinar. Sed nec odio vitae massa finibus maximus non sit amet erat. Mauris ut massa nisl. Vestibulum sit amet convallis turpis. ","Sed sed ante augue. Etiam lacinia purus a pulvinar imperdiet. Fusce egestas, odio ornare mollis auctor, nisl lacus vehicula velit, ac cursus justo neque a risus. In lobortis justo vel feugiat pulvinar. Sed nec odio vitae massa finibus maximus non sit amet erat. Mauris ut massa nisl. Vestibulum sit amet convallis turpis. "
Public opinion on life tenure,2022,Support for term limits,"Sed sed ante augue. Etiam lacinia purus a pulvinar imperdiet. Fusce egestas, odio ornare mollis auctor, nisl lacus vehicula velit, ac cursus justo neque a risus. In lobortis justo vel feugiat pulvinar. Sed nec odio vitae massa finibus maximus non sit amet erat. Mauris ut massa nisl. Vestibulum sit amet convallis turpis. ","Sed sed ante augue. Etiam lacinia purus a pulvinar imperdiet. Fusce egestas, odio ornare mollis auctor, nisl lacus vehicula velit, ac cursus justo neque a risus. In lobortis justo vel feugiat pulvinar. Sed nec odio vitae massa finibus maximus non sit amet erat. Mauris ut massa nisl. Vestibulum sit amet convallis turpis. "
Public opinion on life tenure,2021,Support for term limits,"Sed sed ante augue. Etiam lacinia purus a pulvinar imperdiet. Fusce egestas, odio ornare mollis auctor, nisl lacus vehicula velit, ac cursus justo neque a risus. In lobortis justo vel feugiat pulvinar. Sed nec odio vitae massa finibus maximus non sit amet erat. Mauris ut massa nisl. Vestibulum sit amet convallis turpis. ","Sed sed ante augue. Etiam lacinia purus a pulvinar imperdiet. Fusce egestas, odio ornare mollis auctor, nisl lacus vehicula velit, ac cursus justo neque a risus. In lobortis justo vel feugiat pulvinar. Sed nec odio vitae massa finibus maximus non sit amet erat. Mauris ut massa nisl. Vestibulum sit amet convallis turpis. "
Public opinion on life tenure,2021,Support for term limits,"Sed sed ante augue. Etiam lacinia purus a pulvinar imperdiet. Fusce egestas, odio ornare mollis auctor, nisl lacus vehicula velit, ac cursus justo neque a risus. In lobortis justo vel feugiat pulvinar. Sed nec odio vitae massa finibus maximus non sit amet erat. Mauris ut massa nisl. Vestibulum sit amet convallis turpis. ","Sed sed ante augue. Etiam lacinia purus a pulvinar imperdiet. Fusce egestas, odio ornare mollis auctor, nisl lacus vehicula velit, ac cursus justo neque a risus. In lobortis justo vel feugiat pulvinar. Sed nec odio vitae massa finibus maximus non sit amet erat. Mauris ut massa nisl. Vestibulum sit amet convallis turpis. "
Public opinion on life tenure,2021,Term limits and maximum age limit,"Sed sed ante augue. Etiam lacinia purus a pulvinar imperdiet. Fusce egestas, odio ornare mollis auctor, nisl lacus vehicula velit, ac cursus justo neque a risus. In lobortis justo vel feugiat pulvinar. Sed nec odio vitae massa finibus maximus non sit amet erat. Mauris ut massa nisl. Vestibulum sit amet convallis turpis. ","Sed sed ante augue. Etiam lacinia purus a pulvinar imperdiet. Fusce egestas, odio ornare mollis auctor, nisl lacus vehicula velit, ac cursus justo neque a risus. In lobortis justo vel feugiat pulvinar. Sed nec odio vitae massa finibus maximus non sit amet erat. Mauris ut massa nisl. Vestibulum sit amet convallis turpis. "
Public opinion on life tenure,2020,Support for term limits,"Sed sed ante augue. Etiam lacinia purus a pulvinar imperdiet. Fusce egestas, odio ornare mollis auctor, nisl lacus vehicula velit, ac cursus justo neque a risus. In lobortis justo vel feugiat pulvinar. Sed nec odio vitae massa finibus maximus non sit amet erat. Mauris ut massa nisl. Vestibulum sit amet convallis turpis. ","Sed sed ante augue. Etiam lacinia purus a pulvinar imperdiet. Fusce egestas, odio ornare mollis auctor, nisl lacus vehicula velit, ac cursus justo neque a risus. In lobortis justo vel feugiat pulvinar. Sed nec odio vitae massa finibus maximus non sit amet erat. Mauris ut massa nisl. Vestibulum sit amet convallis turpis. "
Public opinion on life tenure,2020,Support for term limits,"Sed sed ante augue. Etiam lacinia purus a pulvinar imperdiet. Fusce egestas, odio ornare mollis auctor, nisl lacus vehicula velit, ac cursus justo neque a risus. In lobortis justo vel feugiat pulvinar. Sed nec odio vitae massa finibus maximus non sit amet erat. Mauris ut massa nisl. Vestibulum sit amet convallis turpis. ","Sed sed ante augue. Etiam lacinia purus a pulvinar imperdiet. Fusce egestas, odio ornare mollis auctor, nisl lacus vehicula velit, ac cursus justo neque a risus. In lobortis justo vel feugiat pulvinar. Sed nec odio vitae massa finibus maximus non sit amet erat. Mauris ut massa nisl. Vestibulum sit amet convallis turpis. "
Public opinion on ethics reform,2025,Ethics code with investigatory power,"Sed sed ante augue. Etiam lacinia purus a pulvinar imperdiet. Fusce egestas, odio ornare mollis auctor, nisl lacus vehicula velit, ac cursus justo neque a risus. In lobortis justo vel feugiat pulvinar. Sed nec odio vitae massa finibus maximus non sit amet erat. Mauris ut massa nisl. Vestibulum sit amet convallis turpis. ","Sed sed ante augue. Etiam lacinia purus a pulvinar imperdiet. Fusce egestas, odio ornare mollis auctor, nisl lacus vehicula velit, ac cursus justo neque a risus. In lobortis justo vel feugiat pulvinar. Sed nec odio vitae massa finibus maximus non sit amet erat. Mauris ut massa nisl. Vestibulum sit amet convallis turpis. "
Public opinion on ethics reform,2024,Ethics code,"Sed sed ante augue. Etiam lacinia purus a pulvinar imperdiet. Fusce egestas, odio ornare mollis auctor, nisl lacus vehicula velit, ac cursus justo neque a risus. In lobortis justo vel feugiat pulvinar. Sed nec odio vitae massa finibus maximus non sit amet erat. Mauris ut massa nisl. Vestibulum sit amet convallis turpis. ","Sed sed ante augue. Etiam lacinia purus a pulvinar imperdiet. Fusce egestas, odio ornare mollis auctor, nisl lacus vehicula velit, ac cursus justo neque a risus. In lobortis justo vel feugiat pulvinar. Sed nec odio vitae massa finibus maximus non sit amet erat. Mauris ut massa nisl. Vestibulum sit amet convallis turpis. "
Public opinion on ethics reform,2024,Ethics code with investigatory power,"Sed sed ante augue. Etiam lacinia purus a pulvinar imperdiet. Fusce egestas, odio ornare mollis auctor, nisl lacus vehicula velit, ac cursus justo neque a risus. In lobortis justo vel feugiat pulvinar. Sed nec odio vitae massa finibus maximus non sit amet erat. Mauris ut massa nisl. Vestibulum sit amet convallis turpis. ","Sed sed ante augue. Etiam lacinia purus a pulvinar imperdiet. Fusce egestas, odio ornare mollis auctor, nisl lacus vehicula velit, ac cursus justo neque a risus. In lobortis justo vel feugiat pulvinar. Sed nec odio vitae massa finibus maximus non sit amet erat. Mauris ut massa nisl. Vestibulum sit amet convallis turpis. "
Public opinion on ethics reform,2024,Ethics code,"Sed sed ante augue. Etiam lacinia purus a pulvinar imperdiet. Fusce egestas, odio ornare mollis auctor, nisl lacus vehicula velit, ac cursus justo neque a risus. In lobortis justo vel feugiat pulvinar. Sed nec odio vitae massa finibus maximus non sit amet erat. Mauris ut massa nisl. Vestibulum sit amet convallis turpis. ","Sed sed ante augue. Etiam lacinia purus a pulvinar imperdiet. Fusce egestas, odio ornare mollis auctor, nisl lacus vehicula velit, ac cursus justo neque a risus. In lobortis justo vel feugiat pulvinar. Sed nec odio vitae massa finibus maximus non sit amet erat. Mauris ut massa nisl. Vestibulum sit amet convallis turpis. "