year,link text,link url,topic,subtopic,question wording,answer 1 text,answer 1 value,answer 2 text,answer 2 value,Description,method
2025,Marquette Law School,https://law.marquette.edu/assets/community/poll/MLSPSC29Crosstabs.html,Public opinion of the Supreme Court as an institution,Supreme Court approval,"Overall, how much do you approve or disapprove of the way the US Supreme Court is handling its job?",Approve,44,Disapprove,56,"A November Marquette Law School Poll found that 44% of respondents approve of the way the Supreme Court is handling its job, while 56% disapprove. By party: 17% of Democrats; 33% of Independents; 74% of Republicans approve.","Methodology: Conducted Nov. 5-12, 2025, among 1052 adults nationwide, with a margin of error of +/-3.3 percentage points. There are 903 registered voters, with a margin of error of +/-3.5 percentage points and 602 likely voters (those who say they are certain to vote in November) with a margin of error of +/-4 percentage points. Fieldwork was conducted by SSRS of Glen Mills, PA, using the SSRS Opinion Panel, a representative probability-based panel of adults ages 18 and over living in the United States, recruited using the SSRS Omnibus poll and through address-based sampling (ABS)."
2025,Pew Research Center,https://www.pewresearch.org/short-reads/2025/09/03/favorable-views-of-supreme-court-remain-near-historic-low/ ,Public opinion of the Supreme Court as an institution,Supreme Court favorability,Do you have a favorable or unfavorable opinion of the Supreme Court?,Favorable,48,Unfavorable,50,"A September Pew Research Center Poll found that 48% of respondents have a favorable opinion of the Supreme Court, while 50% have an unfavorable opinion. By party: 26% of Democrats and 71% of Republicans have a favorable opinion.","Methodology: Data in this report comes from Wave 176 of the American Trends Panel (ATP), Pew Research Center’s nationally representative panel of randomly selected U.S. adults. The survey was conducted from Aug. 4 to 10, 2025. A total of 3,554 panelists responded out of 3,784 who were sampled, for a survey-level response rate of 94%. SSRS conducted the survey for Pew Research Center via online (n=3,429) and live telephone (n=125) interviewing."
2025,Gallup,https://news.gallup.com/poll/695759/new-high-say-supreme-court-too-conservative.aspx,Public opinion of the Supreme Court as an institution,Supreme Court approval,Do you approve or disapprove of the way the Supreme Court is handling its job?,Approve,42,Disapprove,52,"A September Gallup Poll found that 42% of respondents approve of the way the Supreme Court is handling its job, while 52% disapprove.","Methodology: based on telephone interviews conducted by ReconMR Sept. 2-16, 2025, with a random sample of 1,000 adults, aged 18 and older, living in all 50 U.S. states and the District of Columbia. Each sample of national adults includes a minimum quota of 80% cellphone respondents and 20% landline respondents. Landline and cellular telephone numbers are selected using random-digit-dial methods."
2025,Gallup,https://news.gallup.com/poll/693230/record-party-gaps-job-approval-supreme-court-congress.aspx,Public opinion of the Supreme Court as an institution,Supreme Court approval,Do you approve or disapprove of the way the Supreme Court is handling its job?,Approve,39,Disapprove,56,A July Gallup Poll found that 39% of respondents approve of the way the Supreme Court is handling its job. By party: 11% of Democrats and 75% of Republicans approve.,"Methodology: Results for this Gallup poll are based on telephone interviews conducted by ReconMR July 7-21, 2025, with a random sample of 1,002 adults, aged 18 and older, living in all 50 U.S. states and the District of Columbia. Each sample of national adults includes a minimum quota of 80% cellphone respondents and 20% landline respondents, with additional minimum quotas by time zone within region."
2025,Fox News,https://static.foxnews.com/foxnews.com/content/uploads/2025/07/fox_july-18-21-2025_national_cross-tabs_july-23-release.pdf,Public opinion of the Supreme Court as an institution,Supreme Court approval,Do you approve or disapprove of the job the Supreme Court of the United States is doing?,Approve,47,Disapprove,50,"A July Fox News Poll found that 47% of respondents approve of the job the Supreme Court is doing, while 50% of respondents disapprove. By party: 21% of Democrats; 42% of Independents; and 76% of Republicans approve.","Methodology: Conducted July 18-21, 2025, under the direction of Beacon Research (D) and Shaw & Company Research (R), this Fox News survey includes interviews with a sample of 1,000 registered voters randomly selected from a national voter file. Respondents spoke with live interviewers on landlines (114) and cellphones (636) or completed the survey online after receiving a text (250). Results based on the full sample have a margin of sampling error of ±3 percentage points."
2025,Quinnipiac University,https://poll.qu.edu/images/polling/us/us07162025_ugxj29.pdf,Public opinion of the Supreme Court as an institution,Supreme Court approval,Do you approve or disapprove of the way the United States Supreme Court is handling its job?,Approve,40,Disapprove,53,"A July Quinnipiac University Poll found that 40% of respondents approve of the way the Supreme Court is handling its job, while 53% disapprove. By party: 10% of Democrats; 37% of Independents; and 76% of Republicans approve","Methodology: This RDD telephone survey was conducted from July 10-14, 2025 throughout the contiguous United States. Responses are reported for 1,290 self-identified registered voters with a margin of sampling error of +/- 2.7 percentage points. Surveys are conducted with live interviewers calling landlines and cell phones."
2025,Associated Press-NORC,https://apnorc.org/wp-content/uploads/2025/07/July-W1-Topline_SCOTUS-.pdf,Public opinion of the Supreme Court as an institution,Supreme Court confidence ,"As far as the people running the Supreme Court are concerned, would you say you have a great deal of confidence, only some confidence, or hardly any confidence at all in them?",A great deal or some,67,Hardly any,31,"A July Associated Press-NORC Center for Public Affairs Research Poll found that 16% of respondents have “a great deal” of confidence in the people running the Supreme Court, 51% have ""only some confidence"" and 31% have “hardly any” confidence at all.","Methodology: Interviews for this survey were conducted between July 10 through 14, 2025, with adults age 18 and over representing the 50 states and the District of Columbia. Panel members were randomly drawn from AmeriSpeak, and 1,437 completed the survey — 1,357 via the web and 80 by telephone. The overall margin of sampling error is +/- 3.6 percentage points."
2024,Marquette Law School,https://www.dropbox.com/scl/fi/z8bdh55tht5hyqdpkqmrf/MLSPSC23Crosstabs.html?rlkey=96r9qb772clcd7wacdc0ng38o&dl=1,Public opinion of the Supreme Court as an institution,Supreme Court approval,"Overall, how much do you approve or disapprove of the way the US Supreme Court is handling its job?",Approve,48,Disapprove,52,"A December Marquette Law School Poll found that 48% of respondents approve of the job the Supreme Court is doing, while 52% disapprove.","Methodology: Conducted Dec. 2-11, 2024. A total of 1063 adults were interviewed by SSRS of Glen Mills, PA, using the SSRS Opinion Panel, a representative probability-based panel of adults ages 18 and over living in the United States, recruited using the SSRS Omnibus poll and through address-based sampling (ABS). The margin of error is +/-3.6 percentage points for the full sample."
2024,Gallup,https://news.gallup.com/poll/647834/approval-supreme-court-stalled-near-historical-low.aspx,Public opinion of the Supreme Court as an institution,Supreme Court approval,Do you approve or disapprove of the way the Supreme Court is handling its job?,Approve,43,Disapprove,52,"A July Gallup Poll found that 43% of respondents approve of the way the Supreme Court is handling its job, while 52% disapprove. By party: 15% of Democrats; 44% of Independents; and 66% of Republicans approve of the job the Supreme Court is doing.","Methodology: Results are based on telephone interviews conducted July 1-21, 2024, with a random sample of –1,010—adults, ages 18+, living in all 50 U.S. states and the District of Columbia. For results based on this sample of national adults, the margin of sampling error is ±4 percentage points at the 95% confidence level. Each sample of national adults includes a minimum quota of 80% cell phone respondents and 20% landline respondents, with additional minimum quotas by time zone within region."
2024,Fox News,https://static.foxnews.com/foxnews.com/content/uploads/2024/07/Fox_July-7-10-2024_National_Cross-Tabs_July-16-Release.pdf,Public opinion of the Supreme Court as an institution,Supreme Court approval,Do you approve or disapprove of the job the Supreme Court of the United States is doing?,Approve,38,Disapprove,60,"A July Fox News Poll found that 38% of respondents approve of the job the Supreme Court is doing, while 60% disapprove. By party: 17% of Democrats; 26% of Independents; and 62% of Republicans approve.","Methodology: Conducted July 7-10, 2024 under the joint direction of Beacon Research (D) and Shaw & Company Research (R), this Fox News survey includes interviews with a sample of 1,210 registered voters randomly selected from a national voter file. Respondents spoke with live interviewers on landlines (132) and cellphones (787) or completed the survey online after receiving a text (291). Results based on the full sample have a margin of sampling error of ±3 percentage points."
2024,Quinnipiac University,https://poll.qu.edu/images/polling/us/us06262024_ummk42.pdf,Public opinion of the Supreme Court as an institution,Supreme Court approval,Do you approve or disapprove of the way the United States Supreme Court is handling its job?,Approve,37,Disapprove,54,"A June Quinnipiac University Poll found that 37% of respondents approve of the way the Supreme Court is handling its job, while 54% disapprove. By party: 9% of Democrats; 42% of Independents; and 62% of Republicans approve.","Methodology: 1,405 self-identified registered voters nationwide were surveyed from June 20th – 24th with a margin of error of +/- 2.6 percentage points. Surveys adhere to industry best practices and are based on random samples of adults using random digit dialing with live interviewers calling landlines and cell phones."
2023,Marquette Law School,"https://law.marquette.edu/poll/wp-content/uploads/2023/11/MLSPSC17Crosstabs_CourtItems.html#Marquette_Law_School_Supreme_Court_Poll_November_2-7,_2023",Public opinion of the Supreme Court as an institution,Supreme Court approval,"Overall, how much do you approve or disapprove of the way the US Supreme Court is handling its job?",Approve,40,Disapprove,60,"A November Marquette Law School Poll found that 40% of respondents approve of the job the Supreme Court is doing, while 60% disapprove.","Methodology: Conducted November 2-7, 2023. A total of 1,010 adults were interviewed by SSRS of Glen Mills, PA, using the SSRS Opinion Panel, a representative probability-based panel of adults ages 18 and over living in the United States, recruited using the SSRS Omnibus poll and through address-based sampling (ABS). The margin of error is +/-4.2 percentage points for the full sample."
2023,Gallup,https://news.gallup.com/poll/511820/views-supreme-court-remain-near-record-lows.aspx,Public opinion of the Supreme Court as an institution,Supreme Court approval,Do you approve or disapprove of the way the Supreme Court is handling its job?,Approve,41,Disapprove,58,"A September Gallup Poll found that 41% of respondents approve of the way the Supreme Court is handling its job, while 58% disapproved. By party: 23% of Democrats; 40% of Independents; and 56% of Republicans approved of the job the Supreme Court is doing.","Methodology: Results are based on telephone interviews conducted September 1-23, 2023, with a random sample of –1,016 —adults, ages 18+, living in all 50 U.S. states and the District of Columbia. For results based on this sample of national adults, the margin of sampling error is ±4 percentage points at the 95% confidence level. Each sample of national adults includes a minimum quota of 80% cell phone respondents and 20% landline respondents, with additional minimum quotas by time zone within region."
2023,Annenberg Public Policy Center,https://www.annenbergpublicpolicycenter.org/wp-content/uploads/APPC_Con_Day_Topline_2023_final.pdf,Public opinion of the Supreme Court as an institution,Supreme Court approval,"Overall, how much do you approve or disapprove of the way the US Supreme Court is handling its job?",Approve,49,Disapprove,51,"An August Annenberg Public Policy Center Poll found that 49% of respondents approve of the way the Supreme Court is handling its job, while 51% disapprove.","Methodology:  Data collection was conducted from August 9-15, 2023, among a sample of 1,482 respondents in English (1,455) and Spanish (27). The web total respondents were 1,442 and there were 40 telephone respondents. Data were weighted to represent the target U.S. adult population."
2023,Pew Research Center,https://www.pewresearch.org/wp-content/uploads/sites/20/2023/04/PP_2023.04.07_100-days_TOPLINE.pdf,Public opinion of the Supreme Court as an institution,Supreme Court favorability,Do you have a favorable or unfavorable opinion of the Supreme Court?,Favorable,48,Unfavorable,50,"An April Pew Research Center Poll found that 48% of respondents have a favorable opinion of the Supreme Court, while 50% have an unfavorable opinion. By party: 31% of Democrats and 68% of Republicans have a favorable opinion.","Methodology: The American Trends Panel (ATP), created by Pew Research Center, is a nationally representative panel of randomly selected U.S. adults. Panelists participate via self-administered web surveys. Data in this report is drawn from ATP Wave 125, conducted from March 27 to April 2, 2023. A total of 5,079 panelists responded out of 5,782 who were sampled, for a response rate of 88%. The margin of sampling error for the full sample of 5,079 respondents is plus or minus 1.7 percentage points."
2023,NPR/PBS NewsHour/Marist,https://maristpoll.marist.edu/wp-content/uploads/2023/04/NPR_PBS-NewsHour_Marist-Poll_USA-NOS-and-TABLES_424_202304201559.pdf,Public opinion of the Supreme Court as an institution,Supreme Court confidence ,"Do you have a great deal of confidence, quite a lot, not very much confidence, or no confidence at all in the U.S. Supreme Court?",A great deal or quite a lot,37,Not very much or none at all,62,An April NPR/PBS NewsHour/Marist Poll found that 62% of respondents not very much confidence or no confidence at all in the U.S. Supreme Court.  ,"Methodology: This survey of 1,291 adults was conducted April 17th through April 19th, 2023 by the Marist Poll sponsored in partnership with NPR and PBS NewsHour. Adults 18 years of age and older residing in the United States were contacted through a multi-mode design: By phone using live interviewers, by text, or online."
2022,Marquette Law School,https://www.dropbox.com/s/nciwtsuebfetbn1/MLSPSC11Crosstabs_CourtItems.html?dl=1,Public opinion of the Supreme Court as an institution,Supreme Court approval,"Overall, how much do you approve or disapprove of the way the US Supreme Court is handling its job?",Approve,45,Disapprove,55,"A November 2022 Marquette Law School Poll found that 45% of respondents approve of the job the Supreme Court is doing, while 55% disapprove.","Methodology: Conducted November 15-22, 2022. A total of 1,004 adults were interviewed by SSRS of Glen Mills, PA, using the SSRS Opinion Panel, a representative probability-based panel of adults ages 18 and over living in the United States, recruited using the SSRS Omnibus poll and through address-based sampling (ABS). The margin of error is +/-3.7 percentage points for the full sample."
2022,Annenberg Public Policy Center,https://www.annenbergpublicpolicycenter.org/wp-content/uploads/Appendix_APPC_SCOTUS_Oct_2022.pdf,Public opinion of the Supreme Court as an institution,Supreme Court approval,"Overall, how much do you approve or disapprove of the way the US Supreme Court is handling its job?",Approve,39,Disapprove,53,"An October Annenberg Public Policy Center Poll found that 39% of respondents approve of the way the Supreme Court is handling its job, while 53% disapprove. By party: 21% of Democrats; 38% of Independents; and 68% of Republicans approve.","Methodology: The 2022 survey of 1,113 U.S. adults was conducted by phone for APPC by independent research company SSRS on August 2-13, 2022. It has a margin of error of ± 3.6 percentage points at the 95% confidence level."
2022,Pew Research Center,https://www.pewresearch.org/wp-content/uploads/sites/20/2022/08/PP_2022.09.01_SCOTUS-TOPLINE.pdf,Public opinion of the Supreme Court as an institution,Supreme Court favorability,Do you have a favorable or unfavorable opinion of the Supreme Court?,Favorable,48,Unfavorable,49,"An August Pew Research Center Poll found that 48% of respondents have a favorable opinion of the Supreme Court, while 49% have an unfavorable opinion. By party: 28% of Democrats and 73% of Republicans have a favorable opinion.","Methodology: The American Trends Panel (ATP), created by Pew Research Center, is a nationally representative panel of randomly selected U.S. adults. Panelists participate via self-administered web surveys. Data in this report is drawn from the panel wave conducted from Aug. 1 to Aug. 14. A total of 7,647 panelists responded out of 13,221 who were sampled, for a response rate of 65%. This included 6,025 respondents from the ATP and an oversample of 1,622 Hispanic respondents from Ipsos’ KnowledgePanel. The margin of sampling error for the full sample of 7,647 respondents is plus or minus 1.7 percentage points."
2022,Gallup,https://news.gallup.com/poll/394103/confidence-supreme-court-sinks-historic-low.aspx,Public opinion of the Supreme Court as an institution,Supreme Court confidence ,"Please tell me how much confidence you have in the Supreme Court -- a great deal, quite a lot, some, or very little? ",A great deal or quite a lot,25,Some or very little,73,A June Gallup Poll found that 25% of respondents had either a great deal or quite a lot of confidence in the Supreme Court. By party: 13% of Democrats; 25% of Independents; and 39% of Republicans had either “a great deal” or “quite a lot” of confidence in the Supreme Court.,"Methodology: Results are based on telephone interviews conducted June 1-20, 2022, with a random sample of –1,015—adults, ages 18+, living in all 50 U.S. states and the District of Columbia. For results based on this sample of national adults, the margin of sampling error is ±4 percentage points at the 95% confidence level. Each sample of national adults includes a minimum quota of 75% cell phone respondents and 25% landline respondents, with additional minimum quotas by time zone within region."
2021,Gallup,https://news.gallup.com/poll/354908/approval-supreme-court-down-new-low.aspx,Public opinion of the Supreme Court as an institution,Supreme Court approval,Do you approve or disapprove of the way the Supreme Court is handling its job? ,Approve,40,Disapprove,53,"A September Gallup Poll found that 40% of respondents approve of the way the Supreme Court is handling its job, while 53% disapprove. By party: 36% of Democrats; 41% of Independents; and 45% of Republicans approve.","Methodology: Results are based on telephone interviews conducted September 1-17, 2021 with a random sample of –1,005 — adults, ages 18+, living in all 50 U.S. states and the District of Columbia. For results based on this sample of national adults, the margin of sampling error is ±4 percentage points at the 95% confidence level. Each sample of national adults includes a minimum quota of 70% cell phone respondents and 30% landline respondents, with additional minimum quotas by time zone within region."
2021,Marquette Law School,"https://law.marquette.edu/poll/wp-content/uploads/2021/09/MLSPSC04Crosstabs_CourtItems.html#Marquette_Law_School_Supreme_Court_Poll_September_7-16,_2021",Public opinion of the Supreme Court as an institution,Supreme Court approval,"Overall, how much do you approve or disapprove of the way the US Supreme Court is handling its job?",Approve,49,Disapprove,51,A September Marquette University Law School Poll found that 49% of respondents approve of the Supreme Court. By party: 37% of Democrats; 51% of Independents; 61% of Republicans approve.,"Methodology: Conducted Sept. 7-16, 2021. A total of 1,411 adults were interviewed by SSRS of Glen Mills PA, using the SSRS Opinion Panel, a representative probability-based panel of adults ages 18 and over living in the United States, recruited using the SSRS Omnibus poll and through address-based sampling (ABS). The margin of error is ±3.4 percentage points for the full sample. The survey is a general population sample of U.S. adults age 18 and over living in the 50 states."
2021,Gallup,https://news.gallup.com/poll/352316/americans-confidence-major-institutions-dips.aspx,Public opinion of the Supreme Court as an institution,Supreme Court confidence ,"Please tell me how much confidence you have in the Supreme Court -- a great deal, quite a lot, some, or very little? ",A great deal or quite a lot,36,Some or very little,63,A July Gallup Poll found that 36% of respondents have either “a great deal” or “quite a lot” of confidence in the Supreme Court. By party: 35% of Democrats/Lean Democrats and 39% of Republicans/Lean Republicans have either “a great deal” or “quite a lot” of confidence.,"Methodology: Results are based on telephone interviews conducted June 1-July 5, 2021 with a random sample of –1,381 — adults, ages 18+, living in all 50 U.S. states and the District of Columbia, including oversamples of Black and Hispanic adults. Each sample of national adults includes a minimum quota of 70% cell phone respondents and 30% landline respondents, with additional minimum quotas by time zone within region."
2021,Ipsos,https://www.ipsos.com/sites/default/files/ct/news/documents/2021-04/Ipsos%20Poll%20-%20Supreme%20Court%20Topline%20%26%20Write-up%20April%2019%202021.pdf,Public opinion of the Supreme Court as an institution,Supreme Court confidence ,"How much confidence, if any, do you have in decisions made by the Supreme Court?",A great deal or a fair amount,49,A little or none,50,An April Ipsos Poll found that 49% of respondents have either “a great deal” or “a fair amount” of confidence in the decisions made by the Supreme Court. By party: 52% of Democrats; 51% of Independents; and 49% of Republicans have either “a great deal” or “a fair amount” of confidence.,"Methodology: conducted between April 15-16, 2021. For this survey, a sample of 1,003 adults age 18+ from the continental U.S., Alaska, and Hawaii was interviewed online in English"
2020,Marquette Law School,https://law.marquette.edu/poll/wp-content/uploads/2020/09/MLSPSCOTUS02Crosstabs_Legitimacy.html#q3a:_confidence_in_supreme_court,Public opinion of the Supreme Court as an institution,Supreme Court approval,"Overall, how much do you approve or disapprove of the way the US Supreme Court is handling its job?",Approve,66,Disapprove,33,"A September Marquette Law School Poll found that 66% of respondents approve of the job the Supreme Court is doing, while 33% disapprove.","Methodology: Conducted September 8-15, 2020. A total of 1,523 adults were interviewed by NORC at the University of Chicago using its AmeriSpeak Panel as the sample source. The margin of error is 3.3 percentage points for the full sample. The survey is a general population sample of U.S. adults age 18 and over living in the 50 states."
2020,Pew Research Center,https://www.pewresearch.org/wp-content/uploads/2020/09/SCOTUS-blog-topline.pdf,Public opinion of the Supreme Court as an institution,Supreme Court favorability,Do you have a favorable or unfavorable opinion of the Supreme Court?,Favorable,70,Unfavorable,29,A September Pew Research Center Poll found that 70% of respondents have a favorable view of the Supreme Court. By party: 67% of Democrats/Lean Democrat and 75% of Republicans/Lean Republican have a favorable view.,"Methodology: The American Trends Panel (ATP), created by Pew Research Center, is a nationally representative panel of randomly selected U.S. adults. Panelists participate via self-administered web surveys. Data in this report is drawn from the panel wave conducted July 27 to Aug. 2, 2020. A total of 11,001 panelists responded out of 14,407 who were sampled, for a response rate of 76%. The margin of sampling error for the full sample of 11,001 respondents is plus or minus 1.5 percentage points."
2020,Gallup,https://news.gallup.com/poll/316817/approval-supreme-court-highest-2009.aspx,Public opinion of the Supreme Court as an institution,Supreme Court approval,Do you approve or disapprove of the way the Supreme Court is handling its job? ,Approve,58,Disapprove,38,An July Gallup Poll found that 58% of respondents approve of the way the Supreme Court is handling its job. By party: 56% of Democrats; 54% of Independents; and 60% of Republicans approve.,"Methodology: Results are based on telephone interviews conducted July 1-23, 2020 with a random sample of –1,007—adults, ages 18+, living in all 50 U.S. states and the District of Columbia. For results based on this sample of national adults, the margin of sampling error is ±4 percentage points at the 95% confidence level. Each sample of national adults includes a minimum quota of 70% cell phone respondents and 30% landline respondents, with additional minimum quotas by time zone within region."
2025,Annenberg Public Policy Center,https://www.annenbergpublicpolicycenter.org/wp-content/uploads/Constitution_Day_Topline_2025.pdf,Public opinion on life tenure,Support for term limits,How much do you favor or oppose the following proposal: Setting a specific number of years that U.S. Supreme Court justices serve instead of granting them lifetime appointments,Favor,69,Oppose,14,A September Annenberg Public Policy Center Poll found that 69% of respondents either “strongly favor” or “somewhat favor” term limits for Supreme Court justices.,"Methodology: Data collection was conducted in three replicates from May 13 – July 17, 2025, among a sample of 1,334 respondents. The margin of sampling error for the complete set of weighted data is ± 3.5 percentage points."
2024,Marquette Law School,https://law.marquette.edu/poll/wp-content/uploads/2024/10/MLSPSC22Crosstabs_CourtItems.html,Public opinion on life tenure,Support for term limits,How much do you favor or oppose the following proposals affecting the Supreme Court: Have judges serve a fixed term on the court rather than serving life terms,Favor,83,Oppose,17,"An October Marquette Law School Poll found that 83% of respondents favor a proposal for justices to serve fixed terms, rather than the current system of life tenure. By party: 94% of Democrats; 86% of Independents; and 70% of Republicans support a proposal for justices to serve fixed terms.","Methodology: Conducted Oct. 1-10, 2024. A total of 1,005 adults were interviewed by SSRS of Glen Mills, PA, using the SSRS Opinion Panel, a representative probability-based panel of adults ages 18 and over living in the United States, recruited using the SSRS Omnibus poll and through address-based sampling (ABS). The margin of error is +/-4.1 percentage points for the full sample."
2024,Annenberg Public Policy Center,https://www.annenbergpublicpolicycenter.org/wp-content/uploads/APPC_Con_Day_Topline_2024-.pdf,Public opinion on life tenure,Support for term limits,How much do you favor or oppose the following proposals affecting the Supreme Court: Setting a specific number of years that U.S. Supreme Court justices serve instead of granting them lifetime appointments?,Favor,68,Oppose,17,A September Annenberg Public Policy Center Poll found that 68% of respondents either “strongly favor” or “somewhat favor” term limits for Supreme Court justices.,"Methodology: The Annenberg Public Policy Center engaged SSRS to conduct the Democracy Study National Panel Wave 1 via a custom-recruited panel of non-institutionalized U.S. citizens aged 18 or older. Data collection was conducted in three replicates from May 1 – May 23, 2024 among a sample of 1,620 respondents. The survey was conducted via web (N=1,541) and telephone (N=79) in English (N=1,606) and Spanish (N=14). Data were weighted to represent the target national population of U.S. adults ages 18+."
2024,USA TODAY-Ipsos,https://www.ipsos.com/sites/default/files/ct/news/documents/2024-08/Topline_USA%20Today_SCOTUS%20reforms%20080524.pdf,Public opinion on life tenure,Support for term limits,Do you support or oppose the following proposals?: Imposing term limits for Supreme Court justices of a single 18 year term on the court,Support,63,Oppose,19,An August USA TODAY-Ipsos Poll found that 63% of respondents support imposing a single 18-year term limit for Supreme Court justices. By party: 83% of Democrats; 61% of Independents; and 51% of Republicans support.,"Methodology: This poll was conducted by Ipsos from August 2-4, 2024, using the probability-based KnowledgePanel. This poll is based on a nationally representative probability sample of 1,024 adults age 18 or older. The survey was conducted using KnowledgePanel, the largest and most well-established online probability-based panel that is representative of the adult U.S. population."
2024,Fox News,https://static.foxnews.com/foxnews.com/content/uploads/2024/07/Fox_July-7-10-2024_National_Cross-Tabs_July-16-Release.pdf,Public opinion on life tenure,Support for term limits,Please tell me if you favor or oppose the idea: Limiting U.S. Supreme Court justices to 18-year terms,Favor,78,Oppose,21,A July Fox News Poll found that 78% of respondents favor limiting Supreme Court justices to 18-year terms. By party: 89% of Democrats; 76% of Independents; and 68% of Republicans favor.,"Methodology: Conducted July 7-10, 2024 under the joint direction of Beacon Research (D) and Shaw & Company Research (R), this Fox News Poll includes interviews with a sample of 1,210 registered voters (RV) nationwide who were randomly selected from a national voter file. Respondents spoke with live interviewers on landlines (132) and cellphones (787) or completed the survey online by following a link received via text message (291)."
2023,Pew Research Center,https://www.pewresearch.org/politics/2023/09/19/americans-dismal-views-of-the-nations-politics/,Public opinion on life tenure,Maximum age limit,Do you favor or oppose each of the following proposals?: Putting a maximum age limit in place for Supreme Court justices,Favor,74,Oppose,24,A September Pew Research Center Poll found that 74% of respondents favor putting a maximum age limit in place for Supreme Court justices. By party: 82% of Democrats/Lean Democrats and 68% of Republicans/Lean Republicans favor.,"Methodology: Data in this report is drawn from ATP Wave 130, conducted from July 10 to July 16, 2023. A total of 8,480 panelists responded out of 10,069 who were sampled, for a response rate of 84%. The margin of sampling error for the full sample of 8,480 respondents is plus or minus 1.5 percentage points."
2023,NPR/PBS NewsHour/Marist,https://maristpoll.marist.edu/wp-content/uploads/2023/04/NPR_PBS-NewsHour_Marist-Poll_USA-NOS-and-TABLES_424_202304201559.pdf,Public opinion on life tenure,Support for term limits,Do you think Supreme Court Justices should continue to be allowed to serve as long as they want or should only serve for a limited time?,Should only serve for a limited time,68,Should continue to be allowed to serve as long as they want,30,An April NPR/PBS NewsHour/Marist Poll found that 68% of respondents think Supreme Court justices should only serve on the Court for a limited time. By party: 78% of Democrats; 66% of Independents; and 57% of Republicans support.,"Methodology: This survey of 1,291 adults was conducted April 17th through April 19th, 2023 by the Marist Poll sponsored in partnership with NPR and PBS NewsHour. Adults 18 years of age and older residing in the United States were contacted through a multi-mode design: By phone using live interviewers, by text, or online."
2022,Associated Press-NORC,https://apnorc.org/wp-content/uploads/2022/07/AP-NORC-07.2022-Topline.pdf,Public opinion on life tenure,Support for term limits,"Do you favor, oppose, or neither favor nor oppose each of the following proposals?: Set a specific number of years that Supreme Court justices serve instead of serving life terms",Favor,67,Oppose,14,A July Associated Press-NORC Center for Public Affairs Research Poll found that 67% of respondents support setting a specific number of years that Supreme Court justices can serve instead of serving life terms.,"Methodology: Data were collected using the AmeriSpeak Omnibus, a monthly multi-client survey using NORC’s probability-based panel designed to be representative of the U.S. household population. Interviews for this survey were conducted between July 14 and July 17, 2022 with adults aged 18 and over representing the 50 states and the District of Columbia. Panel members were randomly drawn from AmeriSpeak, and 1,085 completed the survey—1,046 via the web and 39 by telephone."
2022,Fox News,https://static.foxnews.com/foxnews.com/content/uploads/2022/07/Fox_July-10-13-2022_Complete_National_Cross-Tabs_July-17-Release.pdf,Public opinion on life tenure,Support for term limits,Please tell me if you favor or oppose the idea: Limiting U.S. Supreme Court justices to 18-year terms,Favor,66,Oppose,30,A July Fox News/Beacon Research/Shaw & Company Research Poll found that 66% of respondents favor limiting Supreme Court justices to 18-year terms. By party: 81% of Democrats; 66% of Independents; and 51% of Republicans favor.,"Methodology: Conducted July 10-13, 2022 under the joint direction of Beacon Research (D) and Shaw & Company Research (R), this Fox News national poll includes interviews among 1,001 registered voters who were randomly selected from a national voter file and spoke with live interviewers on both landlines and cellphones. Results based on the full sample have a margin of sampling error of plus or minus 3 percentage points"
2022,Quinnipiac University,https://poll.qu.edu/images/polling/us/us05182022_uirc64.pdf,Public opinion on life tenure,Support for term limits,Do you support or oppose limiting the number of years a Supreme Court Justice can serve on the Supreme Court?,Support,69,Oppose,27,A May Quinnipiac University Poll found that 69% of respondents support limiting the number of years a justice can serve on the Supreme Court. By party: 77% of Democrats; 69% of Independents; and 61% of Republicans support.,"Methodology: This RDD telephone survey was conducted from May 12 – 16, 2022 throughout the nation. Responses are reported for 1,586 adults with a margin of sampling error of +/- 2.5 percentage points."
2022,UMass Lowell,https://www.uml.edu/docs/2022-National-Topline-324_tcm18-350201.pdf,Public opinion on life tenure,Support for term limits,Please indicate the extent to which you favor or oppose the reform: term limits for Supreme Court justices,Favor,71,Oppose,29,A March UMass Lowell Center for Public Opinion Poll found that 71% of respondents either “strongly favor” or “somewhat favor” term limits for Supreme Court justices. By party: 84% of Democrats; 70% of Independents; 56% of Republicans favor.,"Methodology: Conducted March 15-21, 2022; interviewed 1,339 respondents who were then matched down to a sample of 1,000 to produce the national sample. The respondents were matched to a sampling frame on gender, age, race, and education."
2021,Marquette Law School,"https://law.marquette.edu/poll/wp-content/uploads/2022/01/MLSPSC05Crosstabs_CourtItems.html#Marquette_Law_School_Supreme_Court_Poll_November_1-10,_2021",Public opinion on life tenure,Support for term limits,How much do you favor or oppose the following proposals affecting the Supreme Court: Have judges serve a fixed term on the court rather than serving life terms,Favor,73,Oppose,27,"A November Marquette University Law School Poll found that 73% of respondents favor fixed terms for Supreme Court justices, rather than life terms.","Methodology: Conducted November 1-10, 2021. A total of 1004 adults were interviewed by SSRS of Glen Mills PA, using the SSRS Opinion Panel, a representative probability-based panel of adults ages 18 and over living in the United States, recruited using the SSRS Omnibus poll and through address-based sampling (ABS). The margin of error is 39 percentage points for the full sample. The survey is a general population sample of U.S. adults age 18 and over living in the 50 states."
2021,Marquette Law School,"https://law.marquette.edu/poll/wp-content/uploads/2021/09/MLSPSC04Crosstabs_CourtItems.html#Marquette_Law_School_Supreme_Court_Poll_September_7-16,_2021",Public opinion on life tenure,Support for term limits,How much do you favor or oppose the following proposals affecting the Supreme Court: Have judges serve a fixed term on the court rather than serving life terms,Favor,73,Oppose,27,A September Marquette University Law School Poll found that 73% of respondents favor having Supreme Court justices serve a fixed term on the court rather than serving life terms.,"Methodology: Conducted Sept. 7-16, 2021. A total of 1,411 adults were interviewed by SSRS of Glen Mills PA, using the SSRS Opinion Panel, a representative probability-based panel of adults ages 18 and over living in the United States, recruited using the SSRS Omnibus poll and through address-based sampling (ABS). The margin of error is ±3.4 percentage points for the full sample. The survey is a general population sample of U.S. adults age 18 and over living in the 50 states."
2021,Reuters/Ipsos,https://www.ipsos.com/sites/default/files/ct/news/documents/2021-04/Ipsos%20Poll%20-%20Supreme%20Court%20Topline%20%26%20Write-up%20April%2019%202021.pdf,Public opinion on life tenure,Term limits and maximum age limit,Do you support or oppose the following?: Placing a term or age limit on Supreme Court seats,Support,63,Oppose,22,An April Reuters/Ipsos Poll found that 63% of respondents support placing a term or age limit on Supreme Court seats. By party: 71% of Democrats; 64% of Independents; and 60% of Republicans support.,"Methodology: conducted between April 15-16, 2021. For this survey, a sample of 1,003 adults age 18+ from the continental U.S., Alaska, and Hawaii was interviewed online in English."
2020,UMass Lowell,https://www.uml.edu/docs/2020-Youth-Topline_tcm18-331314.pdf,Public opinion on life tenure,Support for term limits,Please indicate the extent to which you favor or oppose the reform: term limits for Supreme Court justices,Favor,72,Oppose,28,An October UMass Lowell Center for Public Opinion Poll found that 72% of respondents either “strongly favor” or “somewhat favor” term limits for Supreme Court justices. By party: 82% of Democrats; 69% of Independents; and 64% of Republicans either “strongly favor” or “somewhat favor.”,"Methodology: Survey conducted October 5-12, interviewed 1,598 respondents who were then matched down to a sample of 1000 to produce the national sample. The respondents were matched to a sampling frame on gender, age, race, and education."
2020,Marquette Law School,https://law.marquette.edu/poll/wp-content/uploads/2020/09/MLSPSCOTUS02Crosstabs_Legitimacy.html#q35b:_favoroppose_-_fixed_terms,Public opinion on life tenure,Support for term limits,How much do you favor or oppose the following proposals affecting the Supreme Court: Have judges serve a fixed term on the court rather than serving life terms,Favor,75,Oppose,25,A September Marquette University Law School Poll found that 75% of respondents favor having Supreme Court justices serve a fixed term on the court rather than serving life terms.,"Methodology: Conducted September 8-15, 2020. A total of 1,523 adults were interviewed by NORC at the University of Chicago using its AmeriSpeak Panel as the sample source. The margin of error is 33 percentage points for the full sample. The survey is a general population sample of U.S. adults age 18 and over living in the 50 states."
2025,Annenberg Public Policy Center,https://www.annenbergpublicpolicycenter.org/wp-content/uploads/Constitution_Day_Topline_2025.pdf,Public opinion on ethics reform,Ethics code with investigatory power,How much do you favor or oppose the following proposal: Creating a formal ethics code for U.S. Supreme Court justices that allows for justices to be investigated if they are accused of an ethical violation,Favor,78,Oppose,6,A September Annenberg Public Policy Center Poll found that 78% of respondents support the creation of a formal ethics code for Supreme Court justices that allows for justices to be investigated if they are accused of an ethical violation.,"Methodology: Annenberg Institutions of Democracy (AIOD) National Panel, a custom-recruited panel of non-institutionalized U.S. citizens aged 18 or older. Data collection was conducted in three replicates from May 13 – July 17, 2025, among a sample of 1,334 respondents."
2024,Marquette Law School,https://law.marquette.edu/poll/wp-content/uploads/2024/10/MLSPSC22Toplines_CourtItems.html,Public opinion on ethics reform,Ethics code,How much do you favor or oppose the following proposal affecting the Supreme Court: enforce a strict ethics code for Supreme Court justices?,Favor,90,Oppose,10,An October Marquette Law School Poll found that 90% of respondents favor enforcing a strict ethics code for Supreme Court justices. By party: 93% of Democrats; 81% of Independents; and 88% of Republicans favor.,"Methodology: Conducted Oct. 1-10, 2024. A total of 1,005 adults were interviewed by SSRS of Glen Mills, PA, using the SSRS Opinion Panel, a representative probability-based panel of adults ages 18 and over living in the United States, recruited using the SSRS Omnibus poll and through address-based sampling (ABS). The margin of error is +/-4.1 percentage points for the full sample."
2024,Annenberg Public Policy Center,https://www.annenbergpublicpolicycenter.org/wp-content/uploads/APPC_Con_Day_Topline_2024-.pdf,Public opinion on ethics reform,Ethics code with investigatory power,How much do you favor or oppose the following proposal: Creating a formal ethics code for U.S. Supreme Court justices that allows for justices to be investigated if they are accused of an ethical violation,Favor,77,Oppose,8,A September Annenberg Public Policy Center Poll found that 77% of respondents support the creation of a formal ethics code for Supreme Court justices that allows for justices to be investigated if they are accused of an ethical violation.,"Methodology: The Annenberg Public Policy Center engaged SSRS to conduct the Democracy Study National Panel Wave 1 via a custom-recruited panel of non-institutionalized U.S. citizens aged 18 or older. Data collection was conducted in three replicates from May 1 – May 23, 2024 among a sample of 1,620 respondents. The survey was conducted via web (N=1,541) and telephone (N=79) in English (N=1,606) and Spanish (N=14). Data were weighted to represent the target national population of U.S. adults ages 18+."
2024,USA TODAY-Ipsos,https://www.ipsos.com/sites/default/files/ct/news/documents/2024-08/Topline_USA%20Today_SCOTUS%20reforms%20080524.pdf,Public opinion on ethics reform,Ethics code,"Do you support or oppose the following proposal: Establishing a binding code of conduct for Supreme Court justices requiring disclosure of gifts, non-involvement in political activity, and to remove themselves from hearing cases where they or their spouses have a conflict of interest? ",Support,76,Oppose,10,"An August USA TODAY-Ipsos Poll found that 76% of respondents support a binding code of conduct for Supreme Court justices requiring disclosure of gifts, non-involvement in political activity, and to remove themselves from hearing cases where they or their spouses have a conflict of interest. By party: 89% of Democrats; 75% of Independents; 70% of Republicans support.","Methodology: This poll was conducted by Ipsos from August 2-4, 2024, using the probability-based KnowledgePanel. This poll is based on a nationally representative probability sample of 1,024 adults age 18 or older. The survey was conducted using KnowledgePanel, the largest and most well-established online probability-based panel that is representative of the adult U.S. population."