topic,year,subtopic,question wording,answer 1 text,answer 1 value,answer 2 text,answer 2 value,Description,method
Public opinion of the Supreme Court as an institution,2025,Supreme Court approval,"Fusce egestas, odio ornare mollis auctor?",Confident,23%,Not Confident,66%,"Sed sed ante augue. Etiam lacinia purus a pulvinar imperdiet. Fusce egestas, odio ornare mollis auctor, nisl lacus vehicula velit, ac cursus justo neque a risus. In lobortis justo vel feugiat pulvinar. Sed nec odio vitae massa finibus maximus non sit amet erat. Mauris ut massa nisl. Vestibulum sit amet convallis turpis. Etiam feugiat velit in pharetra pharetra. Nam semper ut lectus id iaculis. Pellentesque consectetur volutpat massa, nec elementum nisi molestie non. Fusce tincidunt hendrerit efficitur. Aliquam commodo ornare nunc in dignissim.","Sed sed ante augue. Etiam lacinia purus a pulvinar imperdiet. Fusce egestas, odio ornare mollis auctor, nisl lacus vehicula velit, ac cursus justo neque a risus. In lobortis justo vel feugiat pulvinar. Sed nec odio vitae massa finibus maximus non sit amet erat. Mauris ut massa nisl. Vestibulum sit amet convallis turpis. Etiam feugiat velit in pharetra pharetra. Nam semper ut lectus id iaculis. Pellentesque consectetur volutpat massa, nec elementum nisi molestie non. Fusce tincidunt hendrerit efficitur. Aliquam commodo ornare nunc in dignissim."
Public opinion of the Supreme Court as an institution,2025,Supreme Court favorability," Fusce egestas, odio ornare mollis auctor?",Confident,52%,Not Confident,48%,"Sed sed ante augue. Etiam lacinia purus a pulvinar imperdiet. Fusce egestas, odio ornare mollis auctor, nisl lacus vehicula velit, ac cursus justo neque a risus. In lobortis justo vel feugiat pulvinar. Sed nec odio vitae massa finibus maximus non sit amet erat. Mauris ut massa nisl. Vestibulum sit amet convallis turpis. Etiam feugiat velit in pharetra pharetra. Nam semper ut lectus id iaculis. Pellentesque consectetur volutpat massa, nec elementum nisi molestie non. Fusce tincidunt hendrerit efficitur. Aliquam commodo ornare nunc in dignissim.","Sed sed ante augue. Etiam lacinia purus a pulvinar imperdiet. Fusce egestas, odio ornare mollis auctor, nisl lacus vehicula velit, ac cursus justo neque a risus. In lobortis justo vel feugiat pulvinar. Sed nec odio vitae massa finibus maximus non sit amet erat. Mauris ut massa nisl. Vestibulum sit amet convallis turpis. Etiam feugiat velit in pharetra pharetra. Nam semper ut lectus id iaculis. Pellentesque consectetur volutpat massa, nec elementum nisi molestie non. Fusce tincidunt hendrerit efficitur. Aliquam commodo ornare nunc in dignissim."
Public opinion of the Supreme Court as an institution,2025,Supreme Court approval," Fusce egestas, odio ornare mollis auctor?",Approve,35%,Disapprove,65%,"Sed sed ante augue. Etiam lacinia purus a pulvinar imperdiet. Fusce egestas, odio ornare mollis auctor, nisl lacus vehicula velit, ac cursus justo neque a risus. In lobortis justo vel feugiat pulvinar. Sed nec odio vitae massa finibus maximus non sit amet erat. Mauris ut massa nisl. Vestibulum sit amet convallis turpis. Etiam feugiat velit in pharetra pharetra. Nam semper ut lectus id iaculis. Pellentesque consectetur volutpat massa, nec elementum nisi molestie non. Fusce tincidunt hendrerit efficitur. Aliquam commodo ornare nunc in dignissim.","Sed sed ante augue. Etiam lacinia purus a pulvinar imperdiet. Fusce egestas, odio ornare mollis auctor, nisl lacus vehicula velit, ac cursus justo neque a risus. In lobortis justo vel feugiat pulvinar. Sed nec odio vitae massa finibus maximus non sit amet erat. Mauris ut massa nisl. Vestibulum sit amet convallis turpis. Etiam feugiat velit in pharetra pharetra. Nam semper ut lectus id iaculis. Pellentesque consectetur volutpat massa, nec elementum nisi molestie non. Fusce tincidunt hendrerit efficitur. Aliquam commodo ornare nunc in dignissim."
Public opinion of the Supreme Court as an institution,2025,Supreme Court approval," Fusce egestas, odio ornare mollis auctor?",Confident,25%,Not Confident,75%,"Sed sed ante augue. Etiam lacinia purus a pulvinar imperdiet. Fusce egestas, odio ornare mollis auctor, nisl lacus vehicula velit, ac cursus justo neque a risus. In lobortis justo vel feugiat pulvinar. Sed nec odio vitae massa finibus maximus non sit amet erat. Mauris ut massa nisl. Vestibulum sit amet convallis turpis. Etiam feugiat velit in pharetra pharetra. Nam semper ut lectus id iaculis. Pellentesque consectetur volutpat massa, nec elementum nisi molestie non. Fusce tincidunt hendrerit efficitur. Aliquam commodo ornare nunc in dignissim.","Sed sed ante augue. Etiam lacinia purus a pulvinar imperdiet. Fusce egestas, odio ornare mollis auctor, nisl lacus vehicula velit, ac cursus justo neque a risus. In lobortis justo vel feugiat pulvinar. Sed nec odio vitae massa finibus maximus non sit amet erat. Mauris ut massa nisl. Vestibulum sit amet convallis turpis. Etiam feugiat velit in pharetra pharetra. Nam semper ut lectus id iaculis. Pellentesque consectetur volutpat massa, nec elementum nisi molestie non. Fusce tincidunt hendrerit efficitur. Aliquam commodo ornare nunc in dignissim."
Public opinion of the Supreme Court as an institution,2025,Supreme Court approval," Fusce egestas, odio ornare mollis auctor?",Approve,29%,Disapprove,71%,"Sed sed ante augue. Etiam lacinia purus a pulvinar imperdiet. Fusce egestas, odio ornare mollis auctor, nisl lacus vehicula velit, ac cursus justo neque a risus. In lobortis justo vel feugiat pulvinar. Sed nec odio vitae massa finibus maximus non sit amet erat. Mauris ut massa nisl. Vestibulum sit amet convallis turpis. Etiam feugiat velit in pharetra pharetra. Nam semper ut lectus id iaculis. Pellentesque consectetur volutpat massa, nec elementum nisi molestie non. Fusce tincidunt hendrerit efficitur. Aliquam commodo ornare nunc in dignissim.","Sed sed ante augue. Etiam lacinia purus a pulvinar imperdiet. Fusce egestas, odio ornare mollis auctor, nisl lacus vehicula velit, ac cursus justo neque a risus. In lobortis justo vel feugiat pulvinar. Sed nec odio vitae massa finibus maximus non sit amet erat. Mauris ut massa nisl. Vestibulum sit amet convallis turpis. Etiam feugiat velit in pharetra pharetra. Nam semper ut lectus id iaculis. Pellentesque consectetur volutpat massa, nec elementum nisi molestie non. Fusce tincidunt hendrerit efficitur. Aliquam commodo ornare nunc in dignissim."
Public opinion of the Supreme Court as an institution,2025,Supreme Court approval," Fusce egestas, odio ornare mollis auctor?",Confident,83%,Not Confident,17%,"Sed sed ante augue. Etiam lacinia purus a pulvinar imperdiet. Fusce egestas, odio ornare mollis auctor, nisl lacus vehicula velit, ac cursus justo neque a risus. In lobortis justo vel feugiat pulvinar. Sed nec odio vitae massa finibus maximus non sit amet erat. Mauris ut massa nisl. Vestibulum sit amet convallis turpis. Etiam feugiat velit in pharetra pharetra. Nam semper ut lectus id iaculis. Pellentesque consectetur volutpat massa, nec elementum nisi molestie non. Fusce tincidunt hendrerit efficitur. Aliquam commodo ornare nunc in dignissim.","Sed sed ante augue. Etiam lacinia purus a pulvinar imperdiet. Fusce egestas, odio ornare mollis auctor, nisl lacus vehicula velit, ac cursus justo neque a risus. In lobortis justo vel feugiat pulvinar. Sed nec odio vitae massa finibus maximus non sit amet erat. Mauris ut massa nisl. Vestibulum sit amet convallis turpis. Etiam feugiat velit in pharetra pharetra. Nam semper ut lectus id iaculis. Pellentesque consectetur volutpat massa, nec elementum nisi molestie non. Fusce tincidunt hendrerit efficitur. Aliquam commodo ornare nunc in dignissim."
Public opinion of the Supreme Court as an institution,2025,Supreme Court confidence ," Fusce egestas, odio ornare mollis auctor?",Approve,17%,Disapprove,83%,"Sed sed ante augue. Etiam lacinia purus a pulvinar imperdiet. Fusce egestas, odio ornare mollis auctor, nisl lacus vehicula velit, ac cursus justo neque a risus. In lobortis justo vel feugiat pulvinar. Sed nec odio vitae massa finibus maximus non sit amet erat. Mauris ut massa nisl. Vestibulum sit amet convallis turpis. Etiam feugiat velit in pharetra pharetra. Nam semper ut lectus id iaculis. Pellentesque consectetur volutpat massa, nec elementum nisi molestie non. Fusce tincidunt hendrerit efficitur. Aliquam commodo ornare nunc in dignissim.","Sed sed ante augue. Etiam lacinia purus a pulvinar imperdiet. Fusce egestas, odio ornare mollis auctor, nisl lacus vehicula velit, ac cursus justo neque a risus. In lobortis justo vel feugiat pulvinar. Sed nec odio vitae massa finibus maximus non sit amet erat. Mauris ut massa nisl. Vestibulum sit amet convallis turpis. Etiam feugiat velit in pharetra pharetra. Nam semper ut lectus id iaculis. Pellentesque consectetur volutpat massa, nec elementum nisi molestie non. Fusce tincidunt hendrerit efficitur. Aliquam commodo ornare nunc in dignissim."
Public opinion of the Supreme Court as an institution,2024,Supreme Court approval," Fusce egestas, odio ornare mollis auctor?",Confident,75%,Not Confident,25%,"Sed sed ante augue. Etiam lacinia purus a pulvinar imperdiet. Fusce egestas, odio ornare mollis auctor, nisl lacus vehicula velit, ac cursus justo neque a risus. In lobortis justo vel feugiat pulvinar. Sed nec odio vitae massa finibus maximus non sit amet erat. Mauris ut massa nisl. Vestibulum sit amet convallis turpis. Etiam feugiat velit in pharetra pharetra. Nam semper ut lectus id iaculis. Pellentesque consectetur volutpat massa, nec elementum nisi molestie non. Fusce tincidunt hendrerit efficitur. Aliquam commodo ornare nunc in dignissim.","Sed sed ante augue. Etiam lacinia purus a pulvinar imperdiet. Fusce egestas, odio ornare mollis auctor, nisl lacus vehicula velit, ac cursus justo neque a risus. In lobortis justo vel feugiat pulvinar. Sed nec odio vitae massa finibus maximus non sit amet erat. Mauris ut massa nisl. Vestibulum sit amet convallis turpis. Etiam feugiat velit in pharetra pharetra. Nam semper ut lectus id iaculis. Pellentesque consectetur volutpat massa, nec elementum nisi molestie non. Fusce tincidunt hendrerit efficitur. Aliquam commodo ornare nunc in dignissim."
Public opinion of the Supreme Court as an institution,2024,Supreme Court approval," Fusce egestas, odio ornare mollis auctor?",Approve,41%,Disapprove,59%,"Sed sed ante augue. Etiam lacinia purus a pulvinar imperdiet. Fusce egestas, odio ornare mollis auctor, nisl lacus vehicula velit, ac cursus justo neque a risus. In lobortis justo vel feugiat pulvinar. Sed nec odio vitae massa finibus maximus non sit amet erat. Mauris ut massa nisl. Vestibulum sit amet convallis turpis. Etiam feugiat velit in pharetra pharetra. Nam semper ut lectus id iaculis. Pellentesque consectetur volutpat massa, nec elementum nisi molestie non. Fusce tincidunt hendrerit efficitur. Aliquam commodo ornare nunc in dignissim.","Sed sed ante augue. Etiam lacinia purus a pulvinar imperdiet. Fusce egestas, odio ornare mollis auctor, nisl lacus vehicula velit, ac cursus justo neque a risus. In lobortis justo vel feugiat pulvinar. Sed nec odio vitae massa finibus maximus non sit amet erat. Mauris ut massa nisl. Vestibulum sit amet convallis turpis. Etiam feugiat velit in pharetra pharetra. Nam semper ut lectus id iaculis. Pellentesque consectetur volutpat massa, nec elementum nisi molestie non. Fusce tincidunt hendrerit efficitur. Aliquam commodo ornare nunc in dignissim."
Public opinion of the Supreme Court as an institution,2024,Supreme Court approval," Fusce egestas, odio ornare mollis auctor?",Confident,29%,Not Confident,71%,"Sed sed ante augue. Etiam lacinia purus a pulvinar imperdiet. Fusce egestas, odio ornare mollis auctor, nisl lacus vehicula velit, ac cursus justo neque a risus. In lobortis justo vel feugiat pulvinar. Sed nec odio vitae massa finibus maximus non sit amet erat. Mauris ut massa nisl. Vestibulum sit amet convallis turpis. Etiam feugiat velit in pharetra pharetra. Nam semper ut lectus id iaculis. Pellentesque consectetur volutpat massa, nec elementum nisi molestie non. Fusce tincidunt hendrerit efficitur. Aliquam commodo ornare nunc in dignissim.","Sed sed ante augue. Etiam lacinia purus a pulvinar imperdiet. Fusce egestas, odio ornare mollis auctor, nisl lacus vehicula velit, ac cursus justo neque a risus. In lobortis justo vel feugiat pulvinar. Sed nec odio vitae massa finibus maximus non sit amet erat. Mauris ut massa nisl. Vestibulum sit amet convallis turpis. Etiam feugiat velit in pharetra pharetra. Nam semper ut lectus id iaculis. Pellentesque consectetur volutpat massa, nec elementum nisi molestie non. Fusce tincidunt hendrerit efficitur. Aliquam commodo ornare nunc in dignissim."
Public opinion of the Supreme Court as an institution,2024,Supreme Court approval," Fusce egestas, odio ornare mollis auctor?",Approve,54%,Disapprove,46%,"Sed sed ante augue. Etiam lacinia purus a pulvinar imperdiet. Fusce egestas, odio ornare mollis auctor, nisl lacus vehicula velit, ac cursus justo neque a risus. In lobortis justo vel feugiat pulvinar. Sed nec odio vitae massa finibus maximus non sit amet erat. Mauris ut massa nisl. Vestibulum sit amet convallis turpis. Etiam feugiat velit in pharetra pharetra. Nam semper ut lectus id iaculis. Pellentesque consectetur volutpat massa, nec elementum nisi molestie non. Fusce tincidunt hendrerit efficitur. Aliquam commodo ornare nunc in dignissim.","Sed sed ante augue. Etiam lacinia purus a pulvinar imperdiet. Fusce egestas, odio ornare mollis auctor, nisl lacus vehicula velit, ac cursus justo neque a risus. In lobortis justo vel feugiat pulvinar. Sed nec odio vitae massa finibus maximus non sit amet erat. Mauris ut massa nisl. Vestibulum sit amet convallis turpis. Etiam feugiat velit in pharetra pharetra. Nam semper ut lectus id iaculis. Pellentesque consectetur volutpat massa, nec elementum nisi molestie non. Fusce tincidunt hendrerit efficitur. Aliquam commodo ornare nunc in dignissim."
Public opinion of the Supreme Court as an institution,2023,Supreme Court approval," Fusce egestas, odio ornare mollis auctor?",Confident,2%,Not Confident,98%,"Sed sed ante augue. Etiam lacinia purus a pulvinar imperdiet. Fusce egestas, odio ornare mollis auctor, nisl lacus vehicula velit, ac cursus justo neque a risus. In lobortis justo vel feugiat pulvinar. Sed nec odio vitae massa finibus maximus non sit amet erat. Mauris ut massa nisl. Vestibulum sit amet convallis turpis. Etiam feugiat velit in pharetra pharetra. Nam semper ut lectus id iaculis. Pellentesque consectetur volutpat massa, nec elementum nisi molestie non. Fusce tincidunt hendrerit efficitur. Aliquam commodo ornare nunc in dignissim.","Sed sed ante augue. Etiam lacinia purus a pulvinar imperdiet. Fusce egestas, odio ornare mollis auctor, nisl lacus vehicula velit, ac cursus justo neque a risus. In lobortis justo vel feugiat pulvinar. Sed nec odio vitae massa finibus maximus non sit amet erat. Mauris ut massa nisl. Vestibulum sit amet convallis turpis. Etiam feugiat velit in pharetra pharetra. Nam semper ut lectus id iaculis. Pellentesque consectetur volutpat massa, nec elementum nisi molestie non. Fusce tincidunt hendrerit efficitur. Aliquam commodo ornare nunc in dignissim."
Public opinion of the Supreme Court as an institution,2023,Supreme Court favorability," Fusce egestas, odio ornare mollis auctor?",Approve,4%,Disapprove,96%,"Sed sed ante augue. Etiam lacinia purus a pulvinar imperdiet. Fusce egestas, odio ornare mollis auctor, nisl lacus vehicula velit, ac cursus justo neque a risus. In lobortis justo vel feugiat pulvinar. Sed nec odio vitae massa finibus maximus non sit amet erat. Mauris ut massa nisl. Vestibulum sit amet convallis turpis. Etiam feugiat velit in pharetra pharetra. Nam semper ut lectus id iaculis. Pellentesque consectetur volutpat massa, nec elementum nisi molestie non. Fusce tincidunt hendrerit efficitur. Aliquam commodo ornare nunc in dignissim.","Sed sed ante augue. Etiam lacinia purus a pulvinar imperdiet. Fusce egestas, odio ornare mollis auctor, nisl lacus vehicula velit, ac cursus justo neque a risus. In lobortis justo vel feugiat pulvinar. Sed nec odio vitae massa finibus maximus non sit amet erat. Mauris ut massa nisl. Vestibulum sit amet convallis turpis. Etiam feugiat velit in pharetra pharetra. Nam semper ut lectus id iaculis. Pellentesque consectetur volutpat massa, nec elementum nisi molestie non. Fusce tincidunt hendrerit efficitur. Aliquam commodo ornare nunc in dignissim."
Public opinion of the Supreme Court as an institution,2022,Supreme Court approval," Fusce egestas, odio ornare mollis auctor?",Confident,0%,Not Confident,100%,"Sed sed ante augue. Etiam lacinia purus a pulvinar imperdiet. Fusce egestas, odio ornare mollis auctor, nisl lacus vehicula velit, ac cursus justo neque a risus. In lobortis justo vel feugiat pulvinar. Sed nec odio vitae massa finibus maximus non sit amet erat. Mauris ut massa nisl. Vestibulum sit amet convallis turpis. Etiam feugiat velit in pharetra pharetra. Nam semper ut lectus id iaculis. Pellentesque consectetur volutpat massa, nec elementum nisi molestie non. Fusce tincidunt hendrerit efficitur. Aliquam commodo ornare nunc in dignissim.","Sed sed ante augue. Etiam lacinia purus a pulvinar imperdiet. Fusce egestas, odio ornare mollis auctor, nisl lacus vehicula velit, ac cursus justo neque a risus. In lobortis justo vel feugiat pulvinar. Sed nec odio vitae massa finibus maximus non sit amet erat. Mauris ut massa nisl. Vestibulum sit amet convallis turpis. Etiam feugiat velit in pharetra pharetra. Nam semper ut lectus id iaculis. Pellentesque consectetur volutpat massa, nec elementum nisi molestie non. Fusce tincidunt hendrerit efficitur. Aliquam commodo ornare nunc in dignissim."
Public opinion of the Supreme Court as an institution,2022,Supreme Court favorability," Fusce egestas, odio ornare mollis auctor?",Approve,78%,Disapprove,22%,"Sed sed ante augue. Etiam lacinia purus a pulvinar imperdiet. Fusce egestas, odio ornare mollis auctor, nisl lacus vehicula velit, ac cursus justo neque a risus. In lobortis justo vel feugiat pulvinar. Sed nec odio vitae massa finibus maximus non sit amet erat. Mauris ut massa nisl. Vestibulum sit amet convallis turpis. Etiam feugiat velit in pharetra pharetra. Nam semper ut lectus id iaculis. Pellentesque consectetur volutpat massa, nec elementum nisi molestie non. Fusce tincidunt hendrerit efficitur. Aliquam commodo ornare nunc in dignissim.","Sed sed ante augue. Etiam lacinia purus a pulvinar imperdiet. Fusce egestas, odio ornare mollis auctor, nisl lacus vehicula velit, ac cursus justo neque a risus. In lobortis justo vel feugiat pulvinar. Sed nec odio vitae massa finibus maximus non sit amet erat. Mauris ut massa nisl. Vestibulum sit amet convallis turpis. Etiam feugiat velit in pharetra pharetra. Nam semper ut lectus id iaculis. Pellentesque consectetur volutpat massa, nec elementum nisi molestie non. Fusce tincidunt hendrerit efficitur. Aliquam commodo ornare nunc in dignissim."
Public opinion of the Supreme Court as an institution,2022,Supreme Court confidence ," Fusce egestas, odio ornare mollis auctor?",Confident,87%,Not Confident,13%,"Sed sed ante augue. Etiam lacinia purus a pulvinar imperdiet. Fusce egestas, odio ornare mollis auctor, nisl lacus vehicula velit, ac cursus justo neque a risus. In lobortis justo vel feugiat pulvinar. Sed nec odio vitae massa finibus maximus non sit amet erat. Mauris ut massa nisl. Vestibulum sit amet convallis turpis. Etiam feugiat velit in pharetra pharetra. Nam semper ut lectus id iaculis. Pellentesque consectetur volutpat massa, nec elementum nisi molestie non. Fusce tincidunt hendrerit efficitur. Aliquam commodo ornare nunc in dignissim.","Sed sed ante augue. Etiam lacinia purus a pulvinar imperdiet. Fusce egestas, odio ornare mollis auctor, nisl lacus vehicula velit, ac cursus justo neque a risus. In lobortis justo vel feugiat pulvinar. Sed nec odio vitae massa finibus maximus non sit amet erat. Mauris ut massa nisl. Vestibulum sit amet convallis turpis. Etiam feugiat velit in pharetra pharetra. Nam semper ut lectus id iaculis. Pellentesque consectetur volutpat massa, nec elementum nisi molestie non. Fusce tincidunt hendrerit efficitur. Aliquam commodo ornare nunc in dignissim."
Public opinion of the Supreme Court as an institution,2021,Supreme Court approval," Fusce egestas, odio ornare mollis auctor?",Approve,30%,Disapprove,70%,"Sed sed ante augue. Etiam lacinia purus a pulvinar imperdiet. Fusce egestas, odio ornare mollis auctor, nisl lacus vehicula velit, ac cursus justo neque a risus. In lobortis justo vel feugiat pulvinar. Sed nec odio vitae massa finibus maximus non sit amet erat. Mauris ut massa nisl. Vestibulum sit amet convallis turpis. Etiam feugiat velit in pharetra pharetra. Nam semper ut lectus id iaculis. Pellentesque consectetur volutpat massa, nec elementum nisi molestie non. Fusce tincidunt hendrerit efficitur. Aliquam commodo ornare nunc in dignissim.","Sed sed ante augue. Etiam lacinia purus a pulvinar imperdiet. Fusce egestas, odio ornare mollis auctor, nisl lacus vehicula velit, ac cursus justo neque a risus. In lobortis justo vel feugiat pulvinar. Sed nec odio vitae massa finibus maximus non sit amet erat. Mauris ut massa nisl. Vestibulum sit amet convallis turpis. Etiam feugiat velit in pharetra pharetra. Nam semper ut lectus id iaculis. Pellentesque consectetur volutpat massa, nec elementum nisi molestie non. Fusce tincidunt hendrerit efficitur. Aliquam commodo ornare nunc in dignissim."
Public opinion of the Supreme Court as an institution,2021,Supreme Court approval," Fusce egestas, odio ornare mollis auctor?",Confident,55%,Not Confident,45%,"Sed sed ante augue. Etiam lacinia purus a pulvinar imperdiet. Fusce egestas, odio ornare mollis auctor, nisl lacus vehicula velit, ac cursus justo neque a risus. In lobortis justo vel feugiat pulvinar. Sed nec odio vitae massa finibus maximus non sit amet erat. Mauris ut massa nisl. Vestibulum sit amet convallis turpis. Etiam feugiat velit in pharetra pharetra. Nam semper ut lectus id iaculis. Pellentesque consectetur volutpat massa, nec elementum nisi molestie non. Fusce tincidunt hendrerit efficitur. Aliquam commodo ornare nunc in dignissim.","Sed sed ante augue. Etiam lacinia purus a pulvinar imperdiet. Fusce egestas, odio ornare mollis auctor, nisl lacus vehicula velit, ac cursus justo neque a risus. In lobortis justo vel feugiat pulvinar. Sed nec odio vitae massa finibus maximus non sit amet erat. Mauris ut massa nisl. Vestibulum sit amet convallis turpis. Etiam feugiat velit in pharetra pharetra. Nam semper ut lectus id iaculis. Pellentesque consectetur volutpat massa, nec elementum nisi molestie non. Fusce tincidunt hendrerit efficitur. Aliquam commodo ornare nunc in dignissim."
Public opinion of the Supreme Court as an institution,2021,Supreme Court confidence ," Fusce egestas, odio ornare mollis auctor?",Approve,91%,Disapprove,9%,"Sed sed ante augue. Etiam lacinia purus a pulvinar imperdiet. Fusce egestas, odio ornare mollis auctor, nisl lacus vehicula velit, ac cursus justo neque a risus. In lobortis justo vel feugiat pulvinar. Sed nec odio vitae massa finibus maximus non sit amet erat. Mauris ut massa nisl. Vestibulum sit amet convallis turpis. Etiam feugiat velit in pharetra pharetra. Nam semper ut lectus id iaculis. Pellentesque consectetur volutpat massa, nec elementum nisi molestie non. Fusce tincidunt hendrerit efficitur. Aliquam commodo ornare nunc in dignissim.","Sed sed ante augue. Etiam lacinia purus a pulvinar imperdiet. Fusce egestas, odio ornare mollis auctor, nisl lacus vehicula velit, ac cursus justo neque a risus. In lobortis justo vel feugiat pulvinar. Sed nec odio vitae massa finibus maximus non sit amet erat. Mauris ut massa nisl. Vestibulum sit amet convallis turpis. Etiam feugiat velit in pharetra pharetra. Nam semper ut lectus id iaculis. Pellentesque consectetur volutpat massa, nec elementum nisi molestie non. Fusce tincidunt hendrerit efficitur. Aliquam commodo ornare nunc in dignissim."
Public opinion of the Supreme Court as an institution,2021,Supreme Court confidence ," Fusce egestas, odio ornare mollis auctor?",Confident,92%,Not Confident,8%,"Sed sed ante augue. Etiam lacinia purus a pulvinar imperdiet. Fusce egestas, odio ornare mollis auctor, nisl lacus vehicula velit, ac cursus justo neque a risus. In lobortis justo vel feugiat pulvinar. Sed nec odio vitae massa finibus maximus non sit amet erat. Mauris ut massa nisl. Vestibulum sit amet convallis turpis. Etiam feugiat velit in pharetra pharetra. Nam semper ut lectus id iaculis. Pellentesque consectetur volutpat massa, nec elementum nisi molestie non. Fusce tincidunt hendrerit efficitur. Aliquam commodo ornare nunc in dignissim.","Sed sed ante augue. Etiam lacinia purus a pulvinar imperdiet. Fusce egestas, odio ornare mollis auctor, nisl lacus vehicula velit, ac cursus justo neque a risus. In lobortis justo vel feugiat pulvinar. Sed nec odio vitae massa finibus maximus non sit amet erat. Mauris ut massa nisl. Vestibulum sit amet convallis turpis. Etiam feugiat velit in pharetra pharetra. Nam semper ut lectus id iaculis. Pellentesque consectetur volutpat massa, nec elementum nisi molestie non. Fusce tincidunt hendrerit efficitur. Aliquam commodo ornare nunc in dignissim."
Public opinion of the Supreme Court as an institution,2020,Supreme Court favorability," Fusce egestas, odio ornare mollis auctor?",Approve,27%,Disapprove,73%,"Sed sed ante augue. Etiam lacinia purus a pulvinar imperdiet. Fusce egestas, odio ornare mollis auctor, nisl lacus vehicula velit, ac cursus justo neque a risus. In lobortis justo vel feugiat pulvinar. Sed nec odio vitae massa finibus maximus non sit amet erat. Mauris ut massa nisl. Vestibulum sit amet convallis turpis. Etiam feugiat velit in pharetra pharetra. Nam semper ut lectus id iaculis. Pellentesque consectetur volutpat massa, nec elementum nisi molestie non. Fusce tincidunt hendrerit efficitur. Aliquam commodo ornare nunc in dignissim.","Sed sed ante augue. Etiam lacinia purus a pulvinar imperdiet. Fusce egestas, odio ornare mollis auctor, nisl lacus vehicula velit, ac cursus justo neque a risus. In lobortis justo vel feugiat pulvinar. Sed nec odio vitae massa finibus maximus non sit amet erat. Mauris ut massa nisl. Vestibulum sit amet convallis turpis. Etiam feugiat velit in pharetra pharetra. Nam semper ut lectus id iaculis. Pellentesque consectetur volutpat massa, nec elementum nisi molestie non. Fusce tincidunt hendrerit efficitur. Aliquam commodo ornare nunc in dignissim."
Public opinion of the Supreme Court as an institution,2020,Supreme Court approval," Fusce egestas, odio ornare mollis auctor?",Confident,82%,Not Confident,18%,"Sed sed ante augue. Etiam lacinia purus a pulvinar imperdiet. Fusce egestas, odio ornare mollis auctor, nisl lacus vehicula velit, ac cursus justo neque a risus. In lobortis justo vel feugiat pulvinar. Sed nec odio vitae massa finibus maximus non sit amet erat. Mauris ut massa nisl. Vestibulum sit amet convallis turpis. Etiam feugiat velit in pharetra pharetra. Nam semper ut lectus id iaculis. Pellentesque consectetur volutpat massa, nec elementum nisi molestie non. Fusce tincidunt hendrerit efficitur. Aliquam commodo ornare nunc in dignissim.","Sed sed ante augue. Etiam lacinia purus a pulvinar imperdiet. Fusce egestas, odio ornare mollis auctor, nisl lacus vehicula velit, ac cursus justo neque a risus. In lobortis justo vel feugiat pulvinar. Sed nec odio vitae massa finibus maximus non sit amet erat. Mauris ut massa nisl. Vestibulum sit amet convallis turpis. Etiam feugiat velit in pharetra pharetra. Nam semper ut lectus id iaculis. Pellentesque consectetur volutpat massa, nec elementum nisi molestie non. Fusce tincidunt hendrerit efficitur. Aliquam commodo ornare nunc in dignissim."
Public opinion on life tenure,2025,Support for term limits," Fusce egestas, odio ornare mollis auctor?",Approve,39%,Disapprove,61%,"Sed sed ante augue. Etiam lacinia purus a pulvinar imperdiet. Fusce egestas, odio ornare mollis auctor, nisl lacus vehicula velit, ac cursus justo neque a risus. In lobortis justo vel feugiat pulvinar. Sed nec odio vitae massa finibus maximus non sit amet erat. Mauris ut massa nisl. Vestibulum sit amet convallis turpis. Etiam feugiat velit in pharetra pharetra. Nam semper ut lectus id iaculis. Pellentesque consectetur volutpat massa, nec elementum nisi molestie non. Fusce tincidunt hendrerit efficitur. Aliquam commodo ornare nunc in dignissim.","Sed sed ante augue. Etiam lacinia purus a pulvinar imperdiet. Fusce egestas, odio ornare mollis auctor, nisl lacus vehicula velit, ac cursus justo neque a risus. In lobortis justo vel feugiat pulvinar. Sed nec odio vitae massa finibus maximus non sit amet erat. Mauris ut massa nisl. Vestibulum sit amet convallis turpis. Etiam feugiat velit in pharetra pharetra. Nam semper ut lectus id iaculis. Pellentesque consectetur volutpat massa, nec elementum nisi molestie non. Fusce tincidunt hendrerit efficitur. Aliquam commodo ornare nunc in dignissim."
Public opinion on life tenure,2024,Support for term limits," Fusce egestas, odio ornare mollis auctor?",Confident,76%,Not Confident,24%,"Sed sed ante augue. Etiam lacinia purus a pulvinar imperdiet. Fusce egestas, odio ornare mollis auctor, nisl lacus vehicula velit, ac cursus justo neque a risus. In lobortis justo vel feugiat pulvinar. Sed nec odio vitae massa finibus maximus non sit amet erat. Mauris ut massa nisl. Vestibulum sit amet convallis turpis. Etiam feugiat velit in pharetra pharetra. Nam semper ut lectus id iaculis. Pellentesque consectetur volutpat massa, nec elementum nisi molestie non. Fusce tincidunt hendrerit efficitur. Aliquam commodo ornare nunc in dignissim.","Sed sed ante augue. Etiam lacinia purus a pulvinar imperdiet. Fusce egestas, odio ornare mollis auctor, nisl lacus vehicula velit, ac cursus justo neque a risus. In lobortis justo vel feugiat pulvinar. Sed nec odio vitae massa finibus maximus non sit amet erat. Mauris ut massa nisl. Vestibulum sit amet convallis turpis. Etiam feugiat velit in pharetra pharetra. Nam semper ut lectus id iaculis. Pellentesque consectetur volutpat massa, nec elementum nisi molestie non. Fusce tincidunt hendrerit efficitur. Aliquam commodo ornare nunc in dignissim."
Public opinion on life tenure,2024,Support for term limits," Fusce egestas, odio ornare mollis auctor?",Approve,17%,Disapprove,83%,"Sed sed ante augue. Etiam lacinia purus a pulvinar imperdiet. Fusce egestas, odio ornare mollis auctor, nisl lacus vehicula velit, ac cursus justo neque a risus. In lobortis justo vel feugiat pulvinar. Sed nec odio vitae massa finibus maximus non sit amet erat. Mauris ut massa nisl. Vestibulum sit amet convallis turpis. Etiam feugiat velit in pharetra pharetra. Nam semper ut lectus id iaculis. Pellentesque consectetur volutpat massa, nec elementum nisi molestie non. Fusce tincidunt hendrerit efficitur. Aliquam commodo ornare nunc in dignissim.","Sed sed ante augue. Etiam lacinia purus a pulvinar imperdiet. Fusce egestas, odio ornare mollis auctor, nisl lacus vehicula velit, ac cursus justo neque a risus. In lobortis justo vel feugiat pulvinar. Sed nec odio vitae massa finibus maximus non sit amet erat. Mauris ut massa nisl. Vestibulum sit amet convallis turpis. Etiam feugiat velit in pharetra pharetra. Nam semper ut lectus id iaculis. Pellentesque consectetur volutpat massa, nec elementum nisi molestie non. Fusce tincidunt hendrerit efficitur. Aliquam commodo ornare nunc in dignissim."
Public opinion on life tenure,2024,Support for term limits," Fusce egestas, odio ornare mollis auctor?",Confident,14%,Not Confident,86%,"Sed sed ante augue. Etiam lacinia purus a pulvinar imperdiet. Fusce egestas, odio ornare mollis auctor, nisl lacus vehicula velit, ac cursus justo neque a risus. In lobortis justo vel feugiat pulvinar. Sed nec odio vitae massa finibus maximus non sit amet erat. Mauris ut massa nisl. Vestibulum sit amet convallis turpis. Etiam feugiat velit in pharetra pharetra. Nam semper ut lectus id iaculis. Pellentesque consectetur volutpat massa, nec elementum nisi molestie non. Fusce tincidunt hendrerit efficitur. Aliquam commodo ornare nunc in dignissim.","Sed sed ante augue. Etiam lacinia purus a pulvinar imperdiet. Fusce egestas, odio ornare mollis auctor, nisl lacus vehicula velit, ac cursus justo neque a risus. In lobortis justo vel feugiat pulvinar. Sed nec odio vitae massa finibus maximus non sit amet erat. Mauris ut massa nisl. Vestibulum sit amet convallis turpis. Etiam feugiat velit in pharetra pharetra. Nam semper ut lectus id iaculis. Pellentesque consectetur volutpat massa, nec elementum nisi molestie non. Fusce tincidunt hendrerit efficitur. Aliquam commodo ornare nunc in dignissim."
Public opinion on life tenure,2024,Support for term limits," Fusce egestas, odio ornare mollis auctor?",Approve,44%,Disapprove,56%,"Sed sed ante augue. Etiam lacinia purus a pulvinar imperdiet. Fusce egestas, odio ornare mollis auctor, nisl lacus vehicula velit, ac cursus justo neque a risus. In lobortis justo vel feugiat pulvinar. Sed nec odio vitae massa finibus maximus non sit amet erat. Mauris ut massa nisl. Vestibulum sit amet convallis turpis. Etiam feugiat velit in pharetra pharetra. Nam semper ut lectus id iaculis. Pellentesque consectetur volutpat massa, nec elementum nisi molestie non. Fusce tincidunt hendrerit efficitur. Aliquam commodo ornare nunc in dignissim.","Sed sed ante augue. Etiam lacinia purus a pulvinar imperdiet. Fusce egestas, odio ornare mollis auctor, nisl lacus vehicula velit, ac cursus justo neque a risus. In lobortis justo vel feugiat pulvinar. Sed nec odio vitae massa finibus maximus non sit amet erat. Mauris ut massa nisl. Vestibulum sit amet convallis turpis. Etiam feugiat velit in pharetra pharetra. Nam semper ut lectus id iaculis. Pellentesque consectetur volutpat massa, nec elementum nisi molestie non. Fusce tincidunt hendrerit efficitur. Aliquam commodo ornare nunc in dignissim."
Public opinion on life tenure,2023,Maximum age limit," Fusce egestas, odio ornare mollis auctor?",Confident,48%,Not Confident,52%,"Sed sed ante augue. Etiam lacinia purus a pulvinar imperdiet. Fusce egestas, odio ornare mollis auctor, nisl lacus vehicula velit, ac cursus justo neque a risus. In lobortis justo vel feugiat pulvinar. Sed nec odio vitae massa finibus maximus non sit amet erat. Mauris ut massa nisl. Vestibulum sit amet convallis turpis. Etiam feugiat velit in pharetra pharetra. Nam semper ut lectus id iaculis. Pellentesque consectetur volutpat massa, nec elementum nisi molestie non. Fusce tincidunt hendrerit efficitur. Aliquam commodo ornare nunc in dignissim.","Sed sed ante augue. Etiam lacinia purus a pulvinar imperdiet. Fusce egestas, odio ornare mollis auctor, nisl lacus vehicula velit, ac cursus justo neque a risus. In lobortis justo vel feugiat pulvinar. Sed nec odio vitae massa finibus maximus non sit amet erat. Mauris ut massa nisl. Vestibulum sit amet convallis turpis. Etiam feugiat velit in pharetra pharetra. Nam semper ut lectus id iaculis. Pellentesque consectetur volutpat massa, nec elementum nisi molestie non. Fusce tincidunt hendrerit efficitur. Aliquam commodo ornare nunc in dignissim."
Public opinion on life tenure,2023,Support for term limits," Fusce egestas, odio ornare mollis auctor?",Approve,30%,Disapprove,70%,"Sed sed ante augue. Etiam lacinia purus a pulvinar imperdiet. Fusce egestas, odio ornare mollis auctor, nisl lacus vehicula velit, ac cursus justo neque a risus. In lobortis justo vel feugiat pulvinar. Sed nec odio vitae massa finibus maximus non sit amet erat. Mauris ut massa nisl. Vestibulum sit amet convallis turpis. Etiam feugiat velit in pharetra pharetra. Nam semper ut lectus id iaculis. Pellentesque consectetur volutpat massa, nec elementum nisi molestie non. Fusce tincidunt hendrerit efficitur. Aliquam commodo ornare nunc in dignissim.","Sed sed ante augue. Etiam lacinia purus a pulvinar imperdiet. Fusce egestas, odio ornare mollis auctor, nisl lacus vehicula velit, ac cursus justo neque a risus. In lobortis justo vel feugiat pulvinar. Sed nec odio vitae massa finibus maximus non sit amet erat. Mauris ut massa nisl. Vestibulum sit amet convallis turpis. Etiam feugiat velit in pharetra pharetra. Nam semper ut lectus id iaculis. Pellentesque consectetur volutpat massa, nec elementum nisi molestie non. Fusce tincidunt hendrerit efficitur. Aliquam commodo ornare nunc in dignissim."
Public opinion on life tenure,2022,Support for term limits," Fusce egestas, odio ornare mollis auctor?",Confident,17%,Not Confident,83%,"Sed sed ante augue. Etiam lacinia purus a pulvinar imperdiet. Fusce egestas, odio ornare mollis auctor, nisl lacus vehicula velit, ac cursus justo neque a risus. In lobortis justo vel feugiat pulvinar. Sed nec odio vitae massa finibus maximus non sit amet erat. Mauris ut massa nisl. Vestibulum sit amet convallis turpis. Etiam feugiat velit in pharetra pharetra. Nam semper ut lectus id iaculis. Pellentesque consectetur volutpat massa, nec elementum nisi molestie non. Fusce tincidunt hendrerit efficitur. Aliquam commodo ornare nunc in dignissim.","Sed sed ante augue. Etiam lacinia purus a pulvinar imperdiet. Fusce egestas, odio ornare mollis auctor, nisl lacus vehicula velit, ac cursus justo neque a risus. In lobortis justo vel feugiat pulvinar. Sed nec odio vitae massa finibus maximus non sit amet erat. Mauris ut massa nisl. Vestibulum sit amet convallis turpis. Etiam feugiat velit in pharetra pharetra. Nam semper ut lectus id iaculis. Pellentesque consectetur volutpat massa, nec elementum nisi molestie non. Fusce tincidunt hendrerit efficitur. Aliquam commodo ornare nunc in dignissim."
Public opinion on life tenure,2022,Support for term limits," Fusce egestas, odio ornare mollis auctor?",Approve,3%,Disapprove,97%,"Sed sed ante augue. Etiam lacinia purus a pulvinar imperdiet. Fusce egestas, odio ornare mollis auctor, nisl lacus vehicula velit, ac cursus justo neque a risus. In lobortis justo vel feugiat pulvinar. Sed nec odio vitae massa finibus maximus non sit amet erat. Mauris ut massa nisl. Vestibulum sit amet convallis turpis. Etiam feugiat velit in pharetra pharetra. Nam semper ut lectus id iaculis. Pellentesque consectetur volutpat massa, nec elementum nisi molestie non. Fusce tincidunt hendrerit efficitur. Aliquam commodo ornare nunc in dignissim.","Sed sed ante augue. Etiam lacinia purus a pulvinar imperdiet. Fusce egestas, odio ornare mollis auctor, nisl lacus vehicula velit, ac cursus justo neque a risus. In lobortis justo vel feugiat pulvinar. Sed nec odio vitae massa finibus maximus non sit amet erat. Mauris ut massa nisl. Vestibulum sit amet convallis turpis. Etiam feugiat velit in pharetra pharetra. Nam semper ut lectus id iaculis. Pellentesque consectetur volutpat massa, nec elementum nisi molestie non. Fusce tincidunt hendrerit efficitur. Aliquam commodo ornare nunc in dignissim."
Public opinion on life tenure,2022,Support for term limits," Fusce egestas, odio ornare mollis auctor?",Confident,40%,Not Confident,60%,"Sed sed ante augue. Etiam lacinia purus a pulvinar imperdiet. Fusce egestas, odio ornare mollis auctor, nisl lacus vehicula velit, ac cursus justo neque a risus. In lobortis justo vel feugiat pulvinar. Sed nec odio vitae massa finibus maximus non sit amet erat. Mauris ut massa nisl. Vestibulum sit amet convallis turpis. Etiam feugiat velit in pharetra pharetra. Nam semper ut lectus id iaculis. Pellentesque consectetur volutpat massa, nec elementum nisi molestie non. Fusce tincidunt hendrerit efficitur. Aliquam commodo ornare nunc in dignissim.","Sed sed ante augue. Etiam lacinia purus a pulvinar imperdiet. Fusce egestas, odio ornare mollis auctor, nisl lacus vehicula velit, ac cursus justo neque a risus. In lobortis justo vel feugiat pulvinar. Sed nec odio vitae massa finibus maximus non sit amet erat. Mauris ut massa nisl. Vestibulum sit amet convallis turpis. Etiam feugiat velit in pharetra pharetra. Nam semper ut lectus id iaculis. Pellentesque consectetur volutpat massa, nec elementum nisi molestie non. Fusce tincidunt hendrerit efficitur. Aliquam commodo ornare nunc in dignissim."
Public opinion on life tenure,2022,Support for term limits," Fusce egestas, odio ornare mollis auctor?",Approve,25%,Disapprove,75%,"Sed sed ante augue. Etiam lacinia purus a pulvinar imperdiet. Fusce egestas, odio ornare mollis auctor, nisl lacus vehicula velit, ac cursus justo neque a risus. In lobortis justo vel feugiat pulvinar. Sed nec odio vitae massa finibus maximus non sit amet erat. Mauris ut massa nisl. Vestibulum sit amet convallis turpis. Etiam feugiat velit in pharetra pharetra. Nam semper ut lectus id iaculis. Pellentesque consectetur volutpat massa, nec elementum nisi molestie non. Fusce tincidunt hendrerit efficitur. Aliquam commodo ornare nunc in dignissim.","Sed sed ante augue. Etiam lacinia purus a pulvinar imperdiet. Fusce egestas, odio ornare mollis auctor, nisl lacus vehicula velit, ac cursus justo neque a risus. In lobortis justo vel feugiat pulvinar. Sed nec odio vitae massa finibus maximus non sit amet erat. Mauris ut massa nisl. Vestibulum sit amet convallis turpis. Etiam feugiat velit in pharetra pharetra. Nam semper ut lectus id iaculis. Pellentesque consectetur volutpat massa, nec elementum nisi molestie non. Fusce tincidunt hendrerit efficitur. Aliquam commodo ornare nunc in dignissim."
Public opinion on life tenure,2021,Support for term limits," Fusce egestas, odio ornare mollis auctor?",Confident,73%,Not Confident,27%,"Sed sed ante augue. Etiam lacinia purus a pulvinar imperdiet. Fusce egestas, odio ornare mollis auctor, nisl lacus vehicula velit, ac cursus justo neque a risus. In lobortis justo vel feugiat pulvinar. Sed nec odio vitae massa finibus maximus non sit amet erat. Mauris ut massa nisl. Vestibulum sit amet convallis turpis. Etiam feugiat velit in pharetra pharetra. Nam semper ut lectus id iaculis. Pellentesque consectetur volutpat massa, nec elementum nisi molestie non. Fusce tincidunt hendrerit efficitur. Aliquam commodo ornare nunc in dignissim.","Sed sed ante augue. Etiam lacinia purus a pulvinar imperdiet. Fusce egestas, odio ornare mollis auctor, nisl lacus vehicula velit, ac cursus justo neque a risus. In lobortis justo vel feugiat pulvinar. Sed nec odio vitae massa finibus maximus non sit amet erat. Mauris ut massa nisl. Vestibulum sit amet convallis turpis. Etiam feugiat velit in pharetra pharetra. Nam semper ut lectus id iaculis. Pellentesque consectetur volutpat massa, nec elementum nisi molestie non. Fusce tincidunt hendrerit efficitur. Aliquam commodo ornare nunc in dignissim."
Public opinion on life tenure,2021,Support for term limits," Fusce egestas, odio ornare mollis auctor?",Approve,8%,Disapprove,92%,"Sed sed ante augue. Etiam lacinia purus a pulvinar imperdiet. Fusce egestas, odio ornare mollis auctor, nisl lacus vehicula velit, ac cursus justo neque a risus. In lobortis justo vel feugiat pulvinar. Sed nec odio vitae massa finibus maximus non sit amet erat. Mauris ut massa nisl. Vestibulum sit amet convallis turpis. Etiam feugiat velit in pharetra pharetra. Nam semper ut lectus id iaculis. Pellentesque consectetur volutpat massa, nec elementum nisi molestie non. Fusce tincidunt hendrerit efficitur. Aliquam commodo ornare nunc in dignissim.","Sed sed ante augue. Etiam lacinia purus a pulvinar imperdiet. Fusce egestas, odio ornare mollis auctor, nisl lacus vehicula velit, ac cursus justo neque a risus. In lobortis justo vel feugiat pulvinar. Sed nec odio vitae massa finibus maximus non sit amet erat. Mauris ut massa nisl. Vestibulum sit amet convallis turpis. Etiam feugiat velit in pharetra pharetra. Nam semper ut lectus id iaculis. Pellentesque consectetur volutpat massa, nec elementum nisi molestie non. Fusce tincidunt hendrerit efficitur. Aliquam commodo ornare nunc in dignissim."
Public opinion on life tenure,2021,Term limits and maximum age limit," Fusce egestas, odio ornare mollis auctor?",Confident,54%,Not Confident,46%,"Sed sed ante augue. Etiam lacinia purus a pulvinar imperdiet. Fusce egestas, odio ornare mollis auctor, nisl lacus vehicula velit, ac cursus justo neque a risus. In lobortis justo vel feugiat pulvinar. Sed nec odio vitae massa finibus maximus non sit amet erat. Mauris ut massa nisl. Vestibulum sit amet convallis turpis. Etiam feugiat velit in pharetra pharetra. Nam semper ut lectus id iaculis. Pellentesque consectetur volutpat massa, nec elementum nisi molestie non. Fusce tincidunt hendrerit efficitur. Aliquam commodo ornare nunc in dignissim.","Sed sed ante augue. Etiam lacinia purus a pulvinar imperdiet. Fusce egestas, odio ornare mollis auctor, nisl lacus vehicula velit, ac cursus justo neque a risus. In lobortis justo vel feugiat pulvinar. Sed nec odio vitae massa finibus maximus non sit amet erat. Mauris ut massa nisl. Vestibulum sit amet convallis turpis. Etiam feugiat velit in pharetra pharetra. Nam semper ut lectus id iaculis. Pellentesque consectetur volutpat massa, nec elementum nisi molestie non. Fusce tincidunt hendrerit efficitur. Aliquam commodo ornare nunc in dignissim."
Public opinion on life tenure,2020,Support for term limits," Fusce egestas, odio ornare mollis auctor?",Approve,11%,Disapprove,89%,"Sed sed ante augue. Etiam lacinia purus a pulvinar imperdiet. Fusce egestas, odio ornare mollis auctor, nisl lacus vehicula velit, ac cursus justo neque a risus. In lobortis justo vel feugiat pulvinar. Sed nec odio vitae massa finibus maximus non sit amet erat. Mauris ut massa nisl. Vestibulum sit amet convallis turpis. Etiam feugiat velit in pharetra pharetra. Nam semper ut lectus id iaculis. Pellentesque consectetur volutpat massa, nec elementum nisi molestie non. Fusce tincidunt hendrerit efficitur. Aliquam commodo ornare nunc in dignissim.","Sed sed ante augue. Etiam lacinia purus a pulvinar imperdiet. Fusce egestas, odio ornare mollis auctor, nisl lacus vehicula velit, ac cursus justo neque a risus. In lobortis justo vel feugiat pulvinar. Sed nec odio vitae massa finibus maximus non sit amet erat. Mauris ut massa nisl. Vestibulum sit amet convallis turpis. Etiam feugiat velit in pharetra pharetra. Nam semper ut lectus id iaculis. Pellentesque consectetur volutpat massa, nec elementum nisi molestie non. Fusce tincidunt hendrerit efficitur. Aliquam commodo ornare nunc in dignissim."
Public opinion on life tenure,2020,Support for term limits," Fusce egestas, odio ornare mollis auctor?",Confident,87%,Not Confident,13%,"Sed sed ante augue. Etiam lacinia purus a pulvinar imperdiet. Fusce egestas, odio ornare mollis auctor, nisl lacus vehicula velit, ac cursus justo neque a risus. In lobortis justo vel feugiat pulvinar. Sed nec odio vitae massa finibus maximus non sit amet erat. Mauris ut massa nisl. Vestibulum sit amet convallis turpis. Etiam feugiat velit in pharetra pharetra. Nam semper ut lectus id iaculis. Pellentesque consectetur volutpat massa, nec elementum nisi molestie non. Fusce tincidunt hendrerit efficitur. Aliquam commodo ornare nunc in dignissim.","Sed sed ante augue. Etiam lacinia purus a pulvinar imperdiet. Fusce egestas, odio ornare mollis auctor, nisl lacus vehicula velit, ac cursus justo neque a risus. In lobortis justo vel feugiat pulvinar. Sed nec odio vitae massa finibus maximus non sit amet erat. Mauris ut massa nisl. Vestibulum sit amet convallis turpis. Etiam feugiat velit in pharetra pharetra. Nam semper ut lectus id iaculis. Pellentesque consectetur volutpat massa, nec elementum nisi molestie non. Fusce tincidunt hendrerit efficitur. Aliquam commodo ornare nunc in dignissim."
Public opinion on ethics reform,2025,Ethics code with investigatory power," Fusce egestas, odio ornare mollis auctor?",Approve,78%,Disapprove,22%,"Sed sed ante augue. Etiam lacinia purus a pulvinar imperdiet. Fusce egestas, odio ornare mollis auctor, nisl lacus vehicula velit, ac cursus justo neque a risus. In lobortis justo vel feugiat pulvinar. Sed nec odio vitae massa finibus maximus non sit amet erat. Mauris ut massa nisl. Vestibulum sit amet convallis turpis. Etiam feugiat velit in pharetra pharetra. Nam semper ut lectus id iaculis. Pellentesque consectetur volutpat massa, nec elementum nisi molestie non. Fusce tincidunt hendrerit efficitur. Aliquam commodo ornare nunc in dignissim.","Sed sed ante augue. Etiam lacinia purus a pulvinar imperdiet. Fusce egestas, odio ornare mollis auctor, nisl lacus vehicula velit, ac cursus justo neque a risus. In lobortis justo vel feugiat pulvinar. Sed nec odio vitae massa finibus maximus non sit amet erat. Mauris ut massa nisl. Vestibulum sit amet convallis turpis. Etiam feugiat velit in pharetra pharetra. Nam semper ut lectus id iaculis. Pellentesque consectetur volutpat massa, nec elementum nisi molestie non. Fusce tincidunt hendrerit efficitur. Aliquam commodo ornare nunc in dignissim."
Public opinion on ethics reform,2024,Ethics code," Fusce egestas, odio ornare mollis auctor?",Confident,58%,Not Confident,42%,"Sed sed ante augue. Etiam lacinia purus a pulvinar imperdiet. Fusce egestas, odio ornare mollis auctor, nisl lacus vehicula velit, ac cursus justo neque a risus. In lobortis justo vel feugiat pulvinar. Sed nec odio vitae massa finibus maximus non sit amet erat. Mauris ut massa nisl. Vestibulum sit amet convallis turpis. Etiam feugiat velit in pharetra pharetra. Nam semper ut lectus id iaculis. Pellentesque consectetur volutpat massa, nec elementum nisi molestie non. Fusce tincidunt hendrerit efficitur. Aliquam commodo ornare nunc in dignissim.","Sed sed ante augue. Etiam lacinia purus a pulvinar imperdiet. Fusce egestas, odio ornare mollis auctor, nisl lacus vehicula velit, ac cursus justo neque a risus. In lobortis justo vel feugiat pulvinar. Sed nec odio vitae massa finibus maximus non sit amet erat. Mauris ut massa nisl. Vestibulum sit amet convallis turpis. Etiam feugiat velit in pharetra pharetra. Nam semper ut lectus id iaculis. Pellentesque consectetur volutpat massa, nec elementum nisi molestie non. Fusce tincidunt hendrerit efficitur. Aliquam commodo ornare nunc in dignissim."
Public opinion on ethics reform,2024,Ethics code with investigatory power," Fusce egestas, odio ornare mollis auctor?",Approve,62%,Disapprove,38%,"Sed sed ante augue. Etiam lacinia purus a pulvinar imperdiet. Fusce egestas, odio ornare mollis auctor, nisl lacus vehicula velit, ac cursus justo neque a risus. In lobortis justo vel feugiat pulvinar. Sed nec odio vitae massa finibus maximus non sit amet erat. Mauris ut massa nisl. Vestibulum sit amet convallis turpis. Etiam feugiat velit in pharetra pharetra. Nam semper ut lectus id iaculis. Pellentesque consectetur volutpat massa, nec elementum nisi molestie non. Fusce tincidunt hendrerit efficitur. Aliquam commodo ornare nunc in dignissim.","Sed sed ante augue. Etiam lacinia purus a pulvinar imperdiet. Fusce egestas, odio ornare mollis auctor, nisl lacus vehicula velit, ac cursus justo neque a risus. In lobortis justo vel feugiat pulvinar. Sed nec odio vitae massa finibus maximus non sit amet erat. Mauris ut massa nisl. Vestibulum sit amet convallis turpis. Etiam feugiat velit in pharetra pharetra. Nam semper ut lectus id iaculis. Pellentesque consectetur volutpat massa, nec elementum nisi molestie non. Fusce tincidunt hendrerit efficitur. Aliquam commodo ornare nunc in dignissim."
Public opinion on ethics reform,2024,Ethics code," Fusce egestas, odio ornare mollis auctor?",Confident,4%,Not Confident,96%,"Sed sed ante augue. Etiam lacinia purus a pulvinar imperdiet. Fusce egestas, odio ornare mollis auctor, nisl lacus vehicula velit, ac cursus justo neque a risus. In lobortis justo vel feugiat pulvinar. Sed nec odio vitae massa finibus maximus non sit amet erat. Mauris ut massa nisl. Vestibulum sit amet convallis turpis. Etiam feugiat velit in pharetra pharetra. Nam semper ut lectus id iaculis. Pellentesque consectetur volutpat massa, nec elementum nisi molestie non. Fusce tincidunt hendrerit efficitur. Aliquam commodo ornare nunc in dignissim.","Sed sed ante augue. Etiam lacinia purus a pulvinar imperdiet. Fusce egestas, odio ornare mollis auctor, nisl lacus vehicula velit, ac cursus justo neque a risus. In lobortis justo vel feugiat pulvinar. Sed nec odio vitae massa finibus maximus non sit amet erat. Mauris ut massa nisl. Vestibulum sit amet convallis turpis. Etiam feugiat velit in pharetra pharetra. Nam semper ut lectus id iaculis. Pellentesque consectetur volutpat massa, nec elementum nisi molestie non. Fusce tincidunt hendrerit efficitur. Aliquam commodo ornare nunc in dignissim."